DataSeries,2025Mar,2025Feb,2025Jan,2024Dec,2024Nov,2024Oct,2024Sep,2024Aug,2024Jul,2024Jun,2024May,2024Apr,2024Mar,2024Feb,2024Jan,2023Dec,2023Nov,2023Oct,2023Sep,2023Aug,2023Jul,2023Jun,2023May,2023Apr,2023Mar,2023Feb,2023Jan,2022Dec,2022Nov,2022Oct,2022Sep,2022Aug,2022Jul,2022Jun,2022May,2022Apr,2022Mar,2022Feb,2022Jan,2021Dec,2021Nov,2021Oct,2021Sep,2021Aug,2021Jul,2021Jun,2021May,2021Apr,2021Mar,2021Feb,2021Jan,2020Dec,2020Nov,2020Oct,2020Sep,2020Aug,2020Jul,2020Jun,2020May,2020Apr,2020Mar,2020Feb,2020Jan,2019Dec,2019Nov,2019Oct,2019Sep,2019Aug,2019Jul,2019Jun,2019May,2019Apr,2019Mar,2019Feb,2019Jan,2018Dec,2018Nov,2018Oct,2018Sep,2018Aug,2018Jul,2018Jun,2018May,2018Apr,2018Mar,2018Feb,2018Jan,2017Dec,2017Nov,2017Oct,2017Sep,2017Aug,2017Jul,2017Jun,2017May,2017Apr,2017Mar,2017Feb,2017Jan,2016Dec,2016Nov,2016Oct,2016Sep,2016Aug,2016Jul,2016Jun,2016May,2016Apr,2016Mar,2016Feb,2016Jan,2015Dec,2015Nov,2015Oct,2015Sep,2015Aug,2015Jul,2015Jun,2015May,2015Apr,2015Mar,2015Feb,2015Jan,2014Dec,2014Nov,2014Oct,2014Sep,2014Aug,2014Jul,2014Jun,2014May,2014Apr,2014Mar,2014Feb,2014Jan,2013Dec,2013Nov,2013Oct,2013Sep,2013Aug,2013Jul,2013Jun,2013May,2013Apr,2013Mar,2013Feb,2013Jan,2012Dec,2012Nov,2012Oct,2012Sep,2012Aug,2012Jul,2012Jun,2012May,2012Apr,2012Mar,2012Feb,2012Jan,2011Dec,2011Nov,2011Oct,2011Sep,2011Aug,2011Jul,2011Jun,2011May,2011Apr,2011Mar,2011Feb,2011Jan,2010Dec,2010Nov,2010Oct,2010Sep,2010Aug,2010Jul,2010Jun,2010May,2010Apr,2010Mar,2010Feb,2010Jan,2009Dec,2009Nov,2009Oct,2009Sep,2009Aug,2009Jul,2009Jun,2009May,2009Apr,2009Mar,2009Feb,2009Jan,2008Dec,2008Nov,2008Oct,2008Sep,2008Aug,2008Jul,2008Jun,2008May,2008Apr,2008Mar,2008Feb,2008Jan,2007Dec,2007Nov,2007Oct,2007Sep,2007Aug,2007Jul,2007Jun,2007May,2007Apr,2007Mar,2007Feb,2007Jan,2006Dec,2006Nov,2006Oct,2006Sep,2006Aug,2006Jul,2006Jun,2006May,2006Apr,2006Mar,2006Feb,2006Jan,2005Dec,2005Nov,2005Oct,2005Sep,2005Aug,2005Jul,2005Jun,2005May,2005Apr,2005Mar,2005Feb,2005Jan,2004Dec,2004Nov,2004Oct,2004Sep,2004Aug,2004Jul,2004Jun,2004May,2004Apr,2004Mar,2004Feb,2004Jan,2003Dec,2003Nov,2003Oct,2003Sep,2003Aug,2003Jul,2003Jun,2003May,2003Apr,2003Mar,2003Feb,2003Jan,2002Dec,2002Nov,2002Oct,2002Sep,2002Aug,2002Jul,2002Jun,2002May,2002Apr,2002Mar,2002Feb,2002Jan,2001Dec,2001Nov,2001Oct,2001Sep,2001Aug,2001Jul,2001Jun,2001May,2001Apr,2001Mar,2001Feb,2001Jan,2000Dec,2000Nov,2000Oct,2000Sep,2000Aug,2000Jul,2000Jun,2000May,2000Apr,2000Mar,2000Feb,2000Jan,1999Dec,1999Nov,1999Oct,1999Sep,1999Aug,1999Jul,1999Jun,1999May,1999Apr,1999Mar,1999Feb,1999Jan,1998Dec,1998Nov,1998Oct,1998Sep,1998Aug,1998Jul,1998Jun,1998May,1998Apr,1998Mar,1998Feb,1998Jan,1997Dec,1997Nov,1997Oct,1997Sep,1997Aug,1997Jul,1997Jun,1997May,1997Apr,1997Mar,1997Feb,1997Jan,1996Dec,1996Nov,1996Oct,1996Sep,1996Aug,1996Jul,1996Jun,1996May,1996Apr,1996Mar,1996Feb,1996Jan,1995Dec,1995Nov,1995Oct,1995Sep,1995Aug,1995Jul,1995Jun,1995May,1995Apr,1995Mar,1995Feb,1995Jan,1994Dec,1994Nov,1994Oct,1994Sep,1994Aug,1994Jul,1994Jun,1994May,1994Apr,1994Mar,1994Feb,1994Jan,1993Dec,1993Nov,1993Oct,1993Sep,1993Aug,1993Jul,1993Jun,1993May,1993Apr,1993Mar,1993Feb,1993Jan,1992Dec,1992Nov,1992Oct,1992Sep,1992Aug,1992Jul,1992Jun,1992May,1992Apr,1992Mar,1992Feb,1992Jan,1991Dec,1991Nov,1991Oct,1991Sep,1991Aug,1991Jul,1991Jun,1991May,1991Apr,1991Mar,1991Feb,1991Jan,1990Dec,1990Nov,1990Oct,1990Sep,1990Aug,1990Jul,1990Jun,1990May,1990Apr,1990Mar,1990Feb,1990Jan,1989Dec,1989Nov,1989Oct,1989Sep,1989Aug,1989Jul,1989Jun,1989May,1989Apr,1989Mar,1989Feb,1989Jan,1988Dec,1988Nov,1988Oct,1988Sep,1988Aug,1988Jul,1988Jun,1988May,1988Apr,1988Mar,1988Feb,1988Jan,1987Dec,1987Nov,1987Oct,1987Sep,1987Aug,1987Jul,1987Jun,1987May,1987Apr,1987Mar,1987Feb,1987Jan,1986Dec,1986Nov,1986Oct,1986Sep,1986Aug,1986Jul,1986Jun,1986May,1986Apr,1986Mar,1986Feb,1986Jan,1985Dec,1985Nov,1985Oct,1985Sep,1985Aug,1985Jul,1985Jun,1985May,1985Apr,1985Mar,1985Feb,1985Jan,1984Dec,1984Nov,1984Oct,1984Sep,1984Aug,1984Jul,1984Jun,1984May,1984Apr,1984Mar,1984Feb,1984Jan,1983Dec,1983Nov,1983Oct,1983Sep,1983Aug,1983Jul,1983Jun,1983May,1983Apr,1983Mar,1983Feb,1983Jan,1982Dec,1982Nov,1982Oct,1982Sep,1982Aug,1982Jul,1982Jun,1982May,1982Apr,1982Mar,1982Feb,1982Jan,1981Dec,1981Nov,1981Oct,1981Sep,1981Aug,1981Jul,1981Jun,1981May,1981Apr,1981Mar,1981Feb,1981Jan,1980Dec,1980Nov,1980Oct,1980Sep,1980Aug,1980Jul,1980Jun,1980May,1980Apr,1980Mar,1980Feb,1980Jan,1979Dec,1979Nov,1979Oct,1979Sep,1979Aug,1979Jul,1979Jun,1979May,1979Apr,1979Mar,1979Feb,1979Jan,1978Dec,1978Nov,1978Oct,1978Sep,1978Aug,1978Jul,1978Jun,1978May,1978Apr,1978Mar,1978Feb,1978Jan,1977Dec,1977Nov,1977Oct,1977Sep,1977Aug,1977Jul,1977Jun,1977May,1977Apr,1977Mar,1977Feb,1977Jan,1976Dec,1976Nov,1976Oct,1976Sep,1976Aug,1976Jul,1976Jun,1976May,1976Apr,1976Mar,1976Feb,1976Jan
"Fish, Seafood (Excl Marine Mammals) & Preparations",11633,17846,12736,11088,12725,11042,23758,16974,14890,14896,12115,9591,12740,11556,14044,12014,12815,13532,13184,15230,14930,14973,13805,11447,17941,12209,13948,16080,17570,13608,13672,12088,16887,18051,12167,15600,13624,9467,16200,17124,16713,15107,13685,15290,9658,9816,8625,11175,15044,14930,15185,16626,10096,13039,9790,9631,9781,11318,7015,9389,11313,11707,12719,17562,15288,18529,11086,12844,17187,10249,13789,12611,16973,11240,22963,25191,18365,18100,18398,27835,15296,18430,26369,19410,16266,14762,33049,26930,25145,29494,24871,19759,13869,19933,20585,13729,30006,18535,18717,31944,25500,31174,25058,24268,21657,27971,21063,18426,24460,21031,29504,40959,27747,26263,27540,28538,25522,20647,23802,31302,32081,28002,39669,30780,28098,21309,24481,18662,20621,18524,15684,23518,22929,14724,23471,24857,23709,22924,21888,21338,21861,22492,18865,19098,17448,14077,27784,21573,22085,26617,19924,18145,22902,30760,20178,22091,22277,19840,14995,27297,29339,23703,50161,15810,28097,20374,25001,26241,26202,13894,24329,37223,27732,25075,25401,24217,21434,28180,24763,21340,21656,19307,31683,22145,19978,23254,22552,23069,22696,20754,19094,22976,15364,16219,17849,25026,23685,27956,28294,41429,30541,23767,27500,24446,29000,16099,36732,28901,26611,24015,24215,26340,34716,31623,31971,20706,20746,21612,30643,25364,28431,25471,32799,30938,27672,28134,34580,24769,25431,25936,27075,36431,29209,26566,28824,36431,35119,38286,28667,21935,34193,23952,46469,33809,32306,39897,46643,43762,42860,47932,33450,38587,31891,32548,26812,38617,28342,27241,34418,22574,25909,23136,24695,22567,23323,18650,31287,20287,22596,21754,19832,22469,23023,28877,26873,21277,24277,24709,36311,23963,25755,29591,29269,35878,41547,38815,35218,34162,33560,33491,34133,44742,42177,37841,38844,37237,39280,44007,38199,35894,43167,31738,39953,42136,34474,31737,33450,35920,35286,35085,28502,30984,29763,31137,37412,29104,33639,23889,27262,31193,37705,44211,31295,32433,41873,38272,45378,41963,43836,45567,32590,29225,42657,49582,32944,27209,33084,31956,53579,44923,37599,41186,36923,32559,45588,50738,43624,36113,43124,32284,44737,49911,47946,45241,38283,45954,48134,47959,34854,43506,53481,57283,51696,53040,53558,46001,47416,40798,50531,51740,37956,41406,40329,34022,52131,42484,40644,35950,49317,39731,58193,38837,29480,33219,44209,32191,33691,41001,45962,48382,41920,42486,36682,46329,39246,40705,42605,35068,43403,53174,57991,64763,47302,40316,41430,57518,43626,48736,49254,39116,48290,43502,51404,52269,33004,36773,43743,44029,38503,40427,49733,40821,46490,41721,37877,33997,34233,31867,34424,37212,45379,43339,48252,37676,43484,51938,44638,37983,42083,43476,54218,55695,41112,35411,32195,45429,36489,55240,41728,23830,33724,33268,32780,30459,28352,28190,29420,32580,38450,41391,26636,26017,29660,21854,21082,17824,25712,25426,16275,23388,17802,24512,26365,15458,14742,20777,14998,18094,22453,28326,18789,23418,20872,24248,18377,11838,20275,15355,23830,14440,20858,12881,26103,15203,18804,21656,19385,14816,16044,16671,17376,18539,11956,24699,20582,15695,16446,18215,14194,20292,16528,18444,14680,17483,11555,16780,15537,18222,17327,15389,19569,14201,24548,16425,14710,20007,14495,17594,12934,15098,11010,16743,13729,12238,9931,13661,14835,12903,12699,9751,11159,10927,12998,11783,13180,7585,6947,9243,14704,16952,20871,8168,14705,7460,6697,11596,12510,11254,14684,11152,11275,8104,9608,8044,6838,5884,6490,8000,6961,9305,6767,8458,5696,8425,5347,6323,6385,4569,5864,4788,5683,4561,4186,5140,5212,6125,5372,5880,4768,3285,4402
Vegetables & Fruit,23179,21854,25877,29059,25884,25169,22351,26055,22540,21340,25355,20677,27460,23213,27882,24151,22314,24103,24655,25357,25292,23460,23378,21724,26906,23215,20510,24749,25477,23121,27781,25882,29772,29867,20366,29268,33390,21231,29223,28338,26515,27726,27765,29494,32274,24565,19243,29724,32465,20200,23595,27168,24107,26394,23211,24579,27966,26253,27239,26732,29926,29832,24872,28187,27134,26685,27213,27338,23571,17928,26762,23298,23521,15664,24465,24542,25542,25326,23137,27049,23210,28233,44195,41738,43677,34456,40211,43486,44260,36027,40047,40863,29209,44858,40126,38452,44917,32833,37182,38453,37691,37537,38025,31722,29696,48106,42857,38651,39543,32926,42822,39639,34777,36083,31542,26703,33705,38041,42226,41322,33071,32406,42539,40940,34679,37849,31740,29971,40452,39232,35620,34795,30265,25243,30210,31351,29470,27813,24358,27874,33578,32295,32594,38264,31055,24875,34818,28845,29339,29499,27124,28711,32664,31292,32631,26174,30141,30866,24417,35288,31526,30295,25910,33558,32875,28924,29879,32672,33402,23299,27306,30667,28593,21706,19040,24679,24858,23751,22675,23331,22293,17557,21040,23958,18227,18789,18534,20092,22238,21507,21238,19225,21815,19736,19330,25745,18908,20868,27441,27761,27208,21754,22982,21366,17989,16443,25077,20661,24806,19499,22605,27174,26728,22381,25212,26810,23475,19656,26450,23090,22113,23904,24980,25402,23934,23789,23349,22066,26416,22459,24308,26455,20464,27503,25006,26497,24487,24253,25979,23894,24060,20185,25911,25933,23537,27036,26135,26242,24129,25242,24639,22305,27340,20705,24643,24756,21983,26482,25589,25378,23361,24351,25109,24051,24403,20444,30817,24945,27920,26805,24031,25133,22486,24765,22865,26807,22955,19662,25931,22826,25349,23342,17894,23483,21735,21751,22433,22333,22564,19453,22474,26785,27309,26716,26142,26126,23150,25114,25833,22377,26914,23119,29695,35464,32881,30435,30923,31564,32492,28868,33154,35462,37641,27372,33964,37446,31293,30425,30465,31343,30283,32421,29971,34486,34532,25877,36407,40622,34146,34885,39770,35321,37265,38323,41816,42412,43148,27752,55507,49808,41968,43793,41326,42406,49281,43831,46108,42327,41821,37966,53217,49839,50190,43223,42148,44267,40338,49253,47373,41543,38059,32939,54869,55121,53507,46388,44166,41591,41450,39641,40413,41969,30312,36959,44731,39520,36070,35603,38275,32589,37280,31585,32229,31998,41145,37357,29178,33652,32504,32786,25144,27590,30933,26034,24971,27578,37059,24389,35807,31835,32140,31634,31917,35726,39193,36298,31788,33512,37184,26311,31299,33485,31626,31289,25446,31421,29056,29473,34327,30695,32378,25315,28238,37765,30188,34440,36179,34458,23306,28092,27284,26589,28632,25564,32610,38321,30573,34347,32360,39058,33220,30362,26808,30292,26965,34692,30201,26292,29402,27621,35362,32390,26365,37666,24794,26258,21984,25738,29518,26638,24090,28761,27905,30987,26421,28750,25551,24860,20843,29523,27935,21913,23748,26489,26935,28441,28420,35193,29359,36669,27502,34182,31399,33174,28718,29553,31864,31298,30703,26689,28426,26048,27834,22923,42365,27976,26264,29873,29256,30954,34499,25196,24480,23817,22176,23495,30631,24652,24850,26622,29248,25170,24059,26614,21449,21766,24162,19229,31446,24542,23744,23044,25814,22014,26171,22233,20847,20715,21938,17310,29188,22971,17261,20985,20796,18292,21287,18754,17583,17480,16804,22288,20806,18534,18677,17996,16497,16930,18041,17941,16464,14523,16637,13344,23539,18665,17182,14797,14889,17420,16997,15340,15102,15118,15314,14583,18177,14824,16248,12709,14859,16904,14621,15384,13518,15311,14472,17674,17937,14768,12914,13829,13759,14189,14358,12545,11274,11003,14170,9562,16708
"Coffee, Tea, Cocoa, Spices & Manufactures",31800,35728,33381,35779,32567,33320,33889,35159,37869,27697,33551,31329,36330,38262,39029,29368,33930,33017,38369,39443,30059,35677,46410,37417,59855,61122,44329,41268,41259,40437,64145,49176,45775,47721,48342,42889,50717,43062,42609,43120,37010,30988,30366,26551,25409,31099,26590,36172,39462,32964,34106,36757,27328,27621,31830,31694,29979,32246,35703,35345,38333,49137,41212,42408,44594,39271,34253,37750,35723,29888,37353,36579,37810,27740,39005,32174,42634,35748,37664,37053,41342,41863,47476,46779,45846,30420,48209,39738,38030,37267,39244,50606,49852,36053,61273,53223,48040,30657,30891,40308,40333,39642,50682,38317,33847,39793,65129,52177,60967,44176,45577,47299,46596,58400,60399,53669,83629,53720,61410,63995,75896,55343,54638,64865,64297,55871,52483,54150,60917,79691,82160,57965,46905,48209,51738,59776,47938,65762,45667,39068,39866,37991,44704,32331,39701,35420,53181,35210,51884,45666,50141,38296,41099,38851,45484,42940,64287,93670,45827,59522,50385,115532,178480,69628,189303,42771,79643,39019,51757,34562,35453,37904,39346,35904,37340,33653,44233,34301,32026,37113,31136,22233,32860,40503,51559,36678,27200,32454,34253,30648,27068,35185,32800,30159,23583,27787,30466,29200,27750,28887,34297,30859,31697,33132,33789,36581,34664,31314,37586,28761,32326,39773,38570,36303,34493,35142,32975,23669,30673,26181,29809,25935,31842,33574,27945,26481,27939,19567,27590,19008,26477,26178,27222,24732,24951,24360,19977,29433,29720,28983,39939,21486,27078,38322,36107,43848,42296,41233,38222,27964,26549,24818,32824,38079,35310,32858,27614,34512,37055,28492,33241,28918,29459,36205,40302,30900,40163,36429,37389,35625,32443,35729,25820,30871,34346,35821,37408,30071,31155,31326,37207,33844,28853,32159,31014,32816,32185,32990,33338,38155,38520,35556,43782,48142,56444,57701,46168,48439,49899,51492,68952,59800,40748,44892,51965,55820,54545,58969,54864,58022,59196,60018,63378,48352,47302,55390,58716,75777,78822,64001,55180,58105,49834,53083,48840,53932,46901,71916,62350,65039,65303,64972,51249,44324,47128,51986,45817,42244,45362,43929,40478,45842,37384,40466,38722,37677,40575,43707,39022,31618,58786,43639,60905,68426,63082,71528,49388,52810,67484,69488,63422,78236,92989,83419,80142,89744,80801,87797,62603,56207,53359,57595,65760,36409,57238,40931,49780,43297,34258,35727,46127,29496,38142,35177,50116,46599,47217,65294,41531,42748,43841,32205,39243,36340,39533,43744,50070,52395,63677,43315,42831,61661,34996,45009,42679,35358,44400,47348,63410,50455,46310,41405,45818,42012,39520,46257,47560,42423,43400,41205,57692,42280,39108,39153,42104,44180,47008,52038,50272,64058,58419,68283,77756,59240,73009,90799,68808,72552,70519,75350,95410,97086,84392,93940,63948,111588,68778,70934,71157,65871,62171,69355,76058,92947,69818,89682,93894,68176,68450,94479,87993,99161,85155,112744,69781,91833,111981,126082,90396,88230,79110,81419,63573,56934,70911,69456,78022,73815,62531,73252,41648,61843,88428,69830,92579,62296,76522,68841,62598,75804,56034,68698,88095,47800,78938,52955,53517,50095,43351,45859,38561,51573,41274,48884,50705,48538,48515,44030,72662,55771,59036,50687,50848,65524,36976,46685,62763,46659,36049,50226,54905,52497,50192,38319,41133,50885,50126,55784,48567,32059,31032,33048,40194,42855,43095,47609,37583,43447,39994,37655,50605,51378,50834,45738,52920,51851,45672,65091,47037,45455,35817,32712,38585,34085,33537,50816,41931,44234,44374,47747,50228,53473,37207,41688,44410,38105,51868,42439,37195,42163,37273,35340,38145,42172,64367,59838,55278,38423,42813,33525,37501,36299,38132,31744,36979,35332,28261,21592,27361,17862,14278
Beverages,240445,310135,241943,325197,297301,304639,326882,337195,315579,282586,276350,269068,302065,266087,343425,367326,370211,352275,451310,437681,379378,392650,339852,283452,336776,316040,284584,347848,399012,345541,339862,284538,313520,320427,278145,278858,283049,186781,275975,439931,343162,340179,325883,375075,267667,344698,292849,291401,307911,257175,321746,390503,354593,373727,287354,282221,230584,179145,139338,198842,157904,182434,262446,359989,391357,367998,446152,314190,305980,287968,291128,305379,290082,200369,360961,307700,350288,404983,339106,342553,316225,283833,268940,299768,279175,212498,326035,362405,370276,292275,312305,295750,293443,272070,251667,237860,296677,263003,226734,368974,352039,282646,321509,299882,257381,257990,252848,205694,302528,248277,318381,354404,406123,337483,289308,295416,280648,250712,236126,279804,277574,167391,320399,315583,265888,417710,272104,248336,229914,230631,283974,277342,259306,223705,242143,313678,354004,324525,288586,295053,245408,240742,244532,244737,257156,174654,276838,281624,335483,324640,283912,283893,241274,218100,209159,205317,231847,237762,219366,269310,297989,284525,264970,214557,206277,226080,174542,208345,202804,174336,194472,282445,234009,255570,185304,202122,222543,184202,145720,162090,149377,108585,150629,231810,207893,217809,153756,173003,172119,137468,115593,143246,134236,117426,118960,185120,177440,237380,174394,156349,167082,168390,162793,175689,158364,117074,201797,173988,202304,212607,153869,154192,146511,116095,109048,122508,139676,132758,171815,123727,175923,121109,151020,120269,82328,132819,95230,98300,108666,101823,127396,106793,112772,122872,107990,99726,91206,84567,86381,76713,79801,73627,92835,94142,101968,97629,90994,88016,89232,70760,52732,83818,86096,55269,66586,70897,69053,79904,66984,76810,64861,38862,55795,51995,31260,47222,50218,50431,74122,78605,44875,49642,51932,21352,51847,51804,32701,24148,67495,32331,56579,68911,31499,71855,29241,33565,67404,23565,47174,39656,48454,54745,66467,54913,39590,64289,38073,52822,32092,42891,52891,37246,57883,35972,67610,37057,67384,61251,57212,41212,34375,52429,40982,40626,44480,64206,39394,59798,44037,33445,54050,42991,42774,40297,44861,40055,29652,68497,73124,61251,55198,69023,42430,43600,43888,35409,41955,37292,67999,44425,59143,67165,46199,47731,60803,47651,58609,55943,51956,46207,72115,33026,48054,78506,40681,49381,80289,45486,62206,56098,71883,50776,51847,48125,52788,77270,59106,54801,50619,37411,60054,66434,35143,41154,74331,26119,36898,69619,69233,58758,49051,33124,53757,52160,61884,47204,27924,29374,61614,110125,58484,53671,43885,46846,59292,40583,57989,60534,64452,51866,107349,52683,55664,77019,77660,59811,53665,71670,68090,49730,53534,64854,83916,67773,29308,12190,9248,12726,15344,10738,15851,10833,10987,19081,12003,11616,13426,12843,11715,14352,13506,10711,12038,6014,9464,10459,10110,10168,10603,8324,8345,10895,10395,9518,7146,9589,7678,7220,6285,6989,6452,5890,6974,7501,6675,9138,5185,6824,7342,8128,6245,5480,7154,4406,5694,5221,5348,4970,3962,5569,4481,4440,4096,4046,2966,3214,3159,3395,3267,3625,1805,4027,3141,3586,3810,3516,2987,5170,2642,3282,2891,2529,2676,2131,4457,3541,2796,4443,3266,3922,4875,3952,3193,3298,2130,2612,4797,5889,3988,3461,3188,2804,1969,2434,2216,2366,2426,1565,2861,2296,1897,2068,2940,1891,1469,1591,904,1890,1676,1536,2735,3047,2488,2467,1906,1555,1740,1555,3292,1618,1774,2794,2534,2505,2509,3687,2025,2153,2086,2995,1419,1695,2851,1578,1615,1851,1496,2834,1455,1254,1073,849,969,1394,1258,825,1347,1940,1264,1120,920,807,1148,1013,1831,1245,1095,1063,1303,1554,1109,2101,869,944,1151,1158,1172,718,891,786,1325
Tobacco & Manufactures,54922,61586,55444,65037,76174,68065,55595,61628,68253,71493,68991,65046,55672,47891,66710,74356,73423,85538,63796,51864,35644,45146,55482,56941,59510,34352,35092,38901,40849,31344,29566,37246,29783,38359,33563,43600,44561,33888,47766,76521,64248,53823,76903,65099,51057,61725,47012,65374,80562,42196,64005,55643,52481,42038,50488,63539,71195,59586,65233,54794,79718,57747,82561,105665,108511,89099,72975,98465,93947,90355,79711,97024,111339,66639,102924,94501,102353,110490,68268,94278,91286,81594,87554,77778,99721,57210,88902,112821,109116,89836,88356,88560,75851,104069,79582,76328,108631,76957,68574,98524,104315,83860,78231,88373,82669,81364,79201,65112,100320,72562,92170,86864,88498,76692,76218,68359,85283,82330,62457,73457,85669,47958,71746,86872,67997,80154,70489,78740,66072,56461,62878,74688,77053,59162,72056,82853,66123,76857,68204,75184,54608,56073,66906,60760,66076,40516,65876,67313,64552,56518,58381,59599,60573,74851,63078,57757,57637,57923,49395,59407,56682,51965,53749,44572,50243,52048,44679,53005,57607,39572,50283,57597,49318,40324,47292,44036,52641,48768,41752,47108,46760,32323,39795,48729,39833,39179,36649,40984,35891,40328,42364,50106,55606,39127,29212,35357,32697,32600,31159,29327,33831,35162,34353,40929,34054,24118,37495,32702,40178,32631,35898,34063,36045,37685,33337,31478,32044,83911,33534,38011,35373,32899,37651,43885,34266,42071,42229,37712,38917,31876,37659,50213,36275,38062,38472,42635,48070,51914,40926,48629,45297,35011,50321,66165,53146,51226,51572,39178,40588,40643,58859,59525,55497,47781,37642,58901,44986,49356,49778,55342,47287,47099,44454,54699,46663,47094,56078,57093,54202,67823,61005,76516,68288,72428,90534,114298,105835,56406,126134,76109,80986,78841,67416,98245,96854,73069,97666,76896,102500,89153,84913,97804,100286,80488,99291,111396,80985,95510,84784,75653,88732,46178,88621,94298,82527,91410,78883,81633,101067,77843,99016,105035,121777,83402,88467,127021,110141,153829,158540,118807,156742,134000,159779,165051,156859,148359,158756,195747,138806,167419,146930,130133,142949,114916,118063,113308,148337,110026,192118,179983,155394,165979,146602,126901,129844,99887,120424,99615,80656,71135,103502,78537,85869,103291,110725,93175,86126,85287,100262,85863,102021,74720,117207,114903,111782,104573,108548,105742,117103,75896,110567,120390,84396,77718,129703,105393,118560,97932,145170,102835,113581,87126,96797,128556,117994,57796,112776,119084,114355,83398,64601,57027,53411,59102,61592,60881,50336,34416,63078,52421,59691,57434,45288,49863,55373,46661,62082,54142,55328,52768,73304,62368,53201,72824,58801,54856,72785,60384,50685,39835,56581,35753,39917,47801,39701,37019,35299,44964,35597,40180,34583,33983,29109,16054,25522,21832,16544,17700,22165,14988,14900,18897,12338,14080,13405,12203,11348,9847,11358,9775,11560,11568,11302,10872,10735,11731,10207,10185,8355,12119,10257,9983,18147,12080,9890,15553,12593,9650,11967,9000,12548,8808,12211,8327,9937,7198,9776,7227,7137,6481,6288,7222,5595,5074,6039,5366,4208,6409,4587,7566,4805,4308,7631,5933,5831,5445,3722,4841,6429,3244,4708,3464,4294,3384,4225,3978,4798,3772,5729,3700,3799,4793,4302,4038,5233,2397,3818,2930,3204,7083,2330,3030,2108,2444,3454,2497,2468,3554,2082,1844,2303,3299,2475,1571,2698,2443,2084,1770,3003,1728,1916,2959,1797,2477,994,1761,1587,917,1143,1268,1638,1664,1224,912,928,1293,675,763,819,1031,732,523,282,492,943,384,996,573,478,319,642,340,1006,514,620,878,411,356,640,538,720,433,453,355,345,917,263,406,325,408,293
Crude Rubber,13955,16509,13823,18518,13747,19608,15156,14131,16200,16142,17751,19905,15168,15605,13541,13370,21464,17937,17108,21838,21105,16238,21734,16303,21760,19946,20926,25950,28757,33384,38225,34698,33805,34950,35747,41247,61211,32516,36030,39987,54514,38188,32583,32589,36497,30587,29461,63330,40963,31252,29491,32873,29488,32994,26532,32522,34090,28470,23538,31037,37963,33804,31924,46217,36310,45344,44250,58389,55621,48724,55576,63392,53434,27034,28013,54496,61443,57784,46774,63436,52125,55415,63232,55966,71800,60177,77508,62971,70264,80791,67271,59673,75260,62076,69984,78017,73056,55108,50103,43040,50203,52687,54395,61580,61677,56952,66272,71602,52007,46624,45046,53702,49248,46036,58611,48422,59094,56299,44504,45403,44000,28191,28008,17873,22764,22113,22363,26815,19580,24073,25673,25929,23758,27921,23430,26604,37448,39566,38485,43120,53300,31651,50613,42871,59860,27486,37679,36944,37123,71852,32774,50591,55967,65813,60994,58138,58029,81266,30845,74166,48003,57293,84517,80601,62640,90620,79230,84956,93307,60191,51059,63433,51496,52701,58460,48702,59142,72085,64342,40425,56559,36646,33247,29489,21292,27589,20680,15055,29848,25565,22328,32949,28419,25876,10217,25023,25189,41099,47338,62852,66046,66173,47413,43026,53514,55453,38636,37861,35454,47893,42485,42551,52026,58329,56750,42572,35788,26362,31625,29890,37801,48995,47458,85508,63133,73207,65833,52483,63020,47224,29770,38382,32936,38157,35438,47212,44922,53885,48409,47968,47562,37785,34508,36101,39000,34185,41022,43179,35237,37419,37855,48439,50736,77703,33971,26121,21390,22134,22567,24164,24858,35508,41064,51992,35127,40491,22507,24428,36786,23552,32823,24068,31003,28780,33759,29730,20752,17108,16695,14468,17230,17535,18653,23358,20945,24618,28935,29146,32769,30628,27989,23716,28390,22592,20908,25638,31937,37580,39160,42464,39047,31105,29879,34509,29675,26546,24961,26956,26816,34155,34543,43892,36401,31113,33263,30258,25785,29589,30746,33891,35566,39980,41848,37974,37538,40814,35097,41267,30640,41847,40049,42202,44460,43402,49760,45436,58190,37864,54669,44624,42049,54298,56208,57544,60566,56041,67440,79528,75122,69997,74286,55830,56559,75643,61661,78819,84921,87490,93278,77532,111815,83975,72396,72823,65365,74709,78555,76242,58924,58034,64970,68977,56984,51745,61550,57820,59648,60994,62679,65304,63565,61321,65798,77475,71162,63431,64139,74604,66652,72826,78153,75191,78869,86659,86213,91525,80833,71361,80256,72687,80543,84115,93336,102555,103811,97199,89610,98404,92380,79360,90651,97298,110709,111933,112668,122163,103520,124510,126907,132291,122710,126548,133794,145872,131109,131963,156027,157208,139904,164059,190934,185893,184530,178878,142489,182964,195155,237841,241985,198492,207961,211749,153246,194845,151231,151419,163473,119341,175202,120485,163802,127983,132311,135647,117157,144381,106280,100833,100644,116412,111411,111900,114478,116479,89872,126351,115207,119141,96729,94055,128678,na,na,na,na,na,na,na,na,na,na,na,na,na,na,na,na,na,na,na,na,na,na,na,na,na,na,na,na,na,na,na,na,na,na,na,na,na,na,na,na,na,na,na,na,na,na,na,na,na,na,na,na,na,na,na,na,na,na,na,na,na,na,na,na,na,na,na,na,na,na,na,na,na,na,na,na,na,na,na,na,na,na,na,na,na,na,na,na,na,na,na,na,na,na,na,na,na,na,na,na,na,na,na,na,na,na,na,na,na,na,na,na,na,na,na,na,na,na,na,na
Crude Fertilizers & Minerals (Excl Division 56 Coal Petroleum & Precious Stones),4846,6183,4593,4138,5793,3609,3419,3588,2949,3694,4191,5112,5064,4291,4577,5473,4772,4638,3673,4369,5289,6835,4005,3862,6508,9150,4844,4826,11209,3646,3517,6332,6705,7138,5521,6177,5443,3080,2970,4944,3912,3032,2932,3260,4645,5350,3162,3723,4542,4004,4248,2783,1985,3411,2933,2649,11809,2585,44169,1960,45543,2574,3420,5491,5202,4541,8233,5565,4265,5058,3361,4931,2509,2804,4492,4423,5128,5533,6534,14814,5432,6234,7944,5102,12691,10206,4346,3531,3600,2916,8451,4431,6212,5369,12024,8626,22442,16612,6587,7334,27573,11138,13099,10329,22324,11110,18446,15833,16423,10003,21855,14431,10100,16656,16346,10035,18419,18142,23859,16112,20076,18403,13822,30485,20801,44178,33863,15413,22076,25350,18479,12697,20138,15088,8636,11876,22337,266320,18609,32475,23181,16527,15363,18773,25296,35014,48355,22778,11052,18128,21511,16572,14853,23353,17151,19460,13929,22190,13306,21670,17134,21792,20142,21260,19329,26193,23808,13835,17212,19151,11030,11899,21011,13583,12536,19353,8111,15341,9024,8968,11491,10995,9833,13305,16063,9379,28145,32207,73902,46954,33397,17283,45479,42951,17163,9899,16744,13708,17014,9423,7848,4653,6988,5763,6619,4020,4396,4928,8866,8124,16539,8679,9558,4520,6974,4988,9274,7454,9603,5848,9978,7167,10168,15383,8358,10449,8819,8572,14095,7303,9450,6244,9296,8302,6797,10707,16210,10300,11034,18381,11954,10685,12381,8485,10264,15719,13159,16247,8625,14024,9947,11513,7192,12338,8781,6664,8444,6737,10387,10778,10920,7821,6425,6260,6846,3897,9562,3683,4272,8415,6581,5925,10956,4090,6750,1594,5495,977,5939,5046,3556,8283,3871,5153,2646,6217,3453,4244,3047,3093,4820,1614,5722,3701,2660,3542,3209,1217,4607,2205,3483,3923,4010,3727,3319,1200,5841,6004,3479,3410,6717,3774,6499,2489,3135,3237,3782,1174,2299,2000,1591,1458,2598,3718,2040,1860,2101,2135,9202,3389,4788,2804,2960,3434,2924,4560,6805,1587,8478,4362,6799,3988,5628,3917,6723,3497,4207,4001,13855,6999,9932,8196,14465,6091,12425,4434,5801,9106,3718,8323,6129,5710,10919,8160,18057,13261,10293,8948,6049,8688,10632,22161,17369,7632,10832,21411,15500,18229,25022,17810,4725,10676,10958,9399,17921,8695,4448,10059,11051,6809,10981,3001,2645,2784,3346,3323,3308,2521,3015,2570,2395,1817,2971,2979,4306,2786,2819,3919,4460,2794,4623,3095,4132,2749,5835,3506,4185,4173,2732,3109,4007,2861,2999,4359,3696,3668,4073,4136,3078,5079,3588,7898,18853,4218,2952,3329,3198,4671,2271,3597,3905,3146,4995,2785,3228,3176,2891,2451,2737,1936,3087,2192,2333,3047,2027,3801,1655,1416,2046,2837,2921,2242,2408,2486,2449,2932,3169,2497,2778,2009,2736,3626,3827,3779,3016,5072,6004,4774,2977,3354,5910,3304,3439,4183,5741,5088,4109,3680,3742,4482,3399,3406,6002,3508,5793,5924,4439,6005,7379,6178,4874,7576,6124,6462,5207,4674,7855,4245,6295,5499,6304,5776,5675,4973,8309,5992,5551,4896,4176,4293,7950,5306,8041,5092,6278,5316,6456,5149,6443,5387,5456,5330,4928,4590,5650,4040,5871,5917,5175,5655,7189,3343,4360,5728,5770,4667,4415,3055,5259,5269,4533,3910,3542,3330,3008,2392,3716,3490,4078,4125,2362,3657,2245,2239,4772,2948,2289,2639,3078,3405,2825,3381,5079,3182,3165,3657,2706,2682,3001,2573,3251,3488,3177,3291,2897,2103,2639,1934,1858,2464,1309
Metalliferous Ores & Metal Scrap,8245,11083,8521,6193,11425,11954,11193,12404,11754,8310,18695,7860,15439,10249,14019,9557,5856,7647,5807,6970,6953,12487,14969,5445,9291,8112,10776,5668,8626,17072,7622,8893,8972,6101,4369,3713,5244,11947,3719,6091,3032,9085,4021,4398,2964,1896,9611,4348,4894,2927,1895,7098,2702,4926,3323,2768,5866,4131,7546,21741,7914,20417,3667,5491,18477,5723,3953,4834,6050,13504,7126,8873,7583,4693,4938,4107,4787,6823,11765,3817,2949,4459,3512,7502,8396,2701,4015,1698,2501,3033,4133,4422,3273,7559,3429,3231,4335,6868,30303,9188,5264,12165,2975,2556,2448,4982,3717,3292,4967,1770,2967,4128,3331,3831,2070,5312,3916,5767,4597,4801,7470,6469,7088,7254,8617,4709,5873,18521,6266,4205,6862,4098,15072,3514,9564,6433,5984,7336,7118,3968,4604,6299,7028,9408,5507,5433,3752,12756,4888,3605,2832,6033,10842,8289,10765,4582,7158,3193,4017,4557,2778,4599,4671,4649,16769,3308,5928,7718,16687,7158,6774,7601,14799,3972,38077,3396,3529,4068,3430,3813,5530,3666,1697,5682,6986,5453,4411,2169,3559,3294,5153,15058,11117,6763,5399,5610,5719,4657,4125,9541,10508,10656,8946,9436,11008,19262,19370,10943,12544,11062,12868,6691,27696,8253,8496,12241,37248,24620,30852,25145,23009,25328,9639,6651,5485,5433,7840,7690,4326,4067,5555,3806,3588,4383,4171,3831,4397,3112,2916,5601,3364,3300,17170,5851,5218,5074,5867,6715,6211,4874,6025,5362,4929,4998,5253,4613,5189,5727,3931,3963,7316,6394,4449,7832,6796,3731,4829,5256,8217,2772,2729,1990,2071,2738,8210,5119,3215,4470,6748,6781,8230,9760,14843,19068,8716,13662,13228,14264,3940,4940,7924,2694,2058,1326,3681,2153,5876,2722,6936,3642,9358,7342,14550,2643,5563,7098,6378,3067,3328,2955,4447,5964,5118,3366,4728,3482,3201,2605,2174,3125,3073,2455,3430,2435,6900,4613,3574,3476,5293,4676,3548,3354,3521,3428,1819,5657,2697,3725,4484,5624,3839,5140,4870,6703,4897,8078,6558,6230,4493,4815,8834,6693,5645,7152,4091,7053,6433,4945,4392,5244,5716,5276,5813,8466,6833,4586,5346,3856,3207,4568,3325,4344,4531,3621,4386,4471,3986,3838,4641,4502,3956,3752,4202,4853,3368,3392,4053,3470,4404,4136,3930,7996,3245,3131,2141,3456,4836,11406,4589,5050,5169,5934,5185,3105,4578,5356,5213,5859,4995,5474,3991,6945,4772,4980,5892,7780,5269,10428,9981,5975,10935,6470,4880,9883,6548,8833,11686,6066,7061,12801,9613,10417,4993,9713,8756,12199,17427,12513,12201,12983,11503,8590,9009,8294,8816,13880,8154,9288,10404,12259,10535,12909,9467,9868,7337,16876,13557,9471,7399,8020,10319,13254,9937,4788,4334,7693,6356,13123,16351,15462,14965,9119,19088,17096,16909,17228,9042,21853,21424,18974,14837,19523,33044,30669,8507,14122,11049,13825,13364,17003,32396,24083,36736,38570,24013,29968,30028,49648,28930,25108,19105,16521,14925,17118,8561,5964,5706,10051,10055,13271,2809,3532,4333,3457,8420,10470,9707,15431,5125,7253,8068,10333,6718,12199,9048,7790,8189,16193,3689,6409,22830,8311,17079,17519,14259,13810,13607,12417,10402,8227,10432,21613,17743,15354,22656,9892,11956,14088,11824,11063,10063,8201,8522,3756,7815,7709,9810,15731,13777,20029,10164,16924,7239,12185,15124,10314,22743,19116,25992,24296,15710,14904,13076,15494,13105,11295,16600,8238,6072,14057,5961,8107,12116,7606,8798,3080,7319,6178,2931,1933,465
Crude Animal & Vegetable Materials Nes,10458,14160,9841,9125,10794,11415,8798,10025,9444,7947,8136,7589,13707,13101,9689,7871,9141,15942,10412,10629,9539,5988,8939,9097,11991,19891,6861,6855,13260,12302,10297,23769,6571,13596,9621,7442,11377,13849,11621,11376,10506,12552,10744,12246,9021,9437,9889,12790,13212,5913,9049,9186,9450,9279,10558,8415,9536,14609,7598,13939,8043,19063,28385,10302,16193,12076,22053,12382,13626,11109,10599,18003,16776,8880,14736,11951,9184,11373,7768,13853,17282,9739,19136,13740,16206,9429,13339,11985,14481,11858,11173,20734,10954,11687,17703,14547,18014,12435,15644,11169,16279,15944,11175,11930,13052,13602,15882,13693,17675,8020,14394,16153,9127,12094,14261,11433,10348,13034,19089,12703,15612,11760,11414,13043,15243,17576,19061,16737,12708,13801,18430,19228,18885,12418,18535,15806,22457,16652,22849,23319,19518,14632,18850,24804,23645,12645,18274,14907,12914,16498,14133,15836,17125,13898,14187,17439,13398,14163,10923,18568,17588,14164,17833,12583,15851,16820,11887,13223,14517,11230,10028,11066,10754,14525,10332,10210,14232,15975,11810,16232,13650,9096,11075,13029,10476,17484,13280,11092,9010,12812,10877,12131,11400,12224,8426,10093,16925,15715,13774,13093,14162,14273,12333,14101,15219,14906,10695,12635,14773,12105,15085,15782,14832,12980,16614,12785,14770,12239,12800,13271,13133,8038,13979,11594,15307,11688,10828,10983,14421,9587,9235,12875,10968,13082,15510,15731,16654,12022,14451,13194,15062,10580,12448,12278,10684,14144,17707,14921,12441,15510,11748,10899,17816,8417,11890,7615,8239,15318,11877,8773,12249,8382,12306,11292,11930,8083,11921,12829,12176,14358,14538,13205,13103,10954,11321,16440,10590,9392,13890,11227,12874,10381,12040,16089,9973,11905,12157,12023,18070,9207,9732,9326,10716,13075,13337,9310,13937,8298,11567,10572,11906,10104,9444,9511,13333,12421,10798,10415,8059,11435,10109,9662,12637,8359,9751,12925,12345,11892,14671,12780,14099,11938,12165,11955,13793,12742,12777,14240,15949,14576,15922,15484,13068,16289,12617,14753,16364,9854,16800,15768,19133,16800,14065,15228,16850,15481,16558,16707,17774,10930,16311,15557,18182,17564,16230,16456,19591,15122,17242,13633,18177,15906,18658,21210,16335,18262,18961,19199,17199,15085,16832,20395,15888,12524,12149,18114,16016,13950,16176,13894,12939,14321,13330,18043,16821,13299,14688,17892,15041,13678,12676,14834,13971,15022,17741,13875,18823,14766,20179,24442,20491,19671,16377,17463,16475,15511,21257,14888,19958,12653,20970,25045,15120,22785,14862,17929,17324,23079,20547,13461,28127,17345,25540,24924,24564,23976,26774,26932,16090,28224,21218,28211,36182,14767,16334,30969,29283,25218,23743,21444,26757,23992,31134,28825,31764,27472,40178,36105,27859,24016,24300,23679,18180,26904,19409,23302,23578,17601,16622,19862,21531,14135,15969,16190,14335,13397,19347,17866,12440,14497,26179,16389,22335,17687,16316,19181,17729,25890,20821,27201,15796,24860,19682,20933,19274,20372,19441,16287,18982,22749,19830,19710,23556,14619,18761,17593,14737,15508,15316,17527,16374,18958,20391,21709,23096,17052,21103,21101,21650,28842,16252,16436,23770,22044,19793,19637,20641,17482,14368,17807,17652,20482,19556,19066,31230,22045,16647,18647,22404,14224,20042,21385,15877,19614,16578,20505,18667,18971,21496,20220,20835,23704,23981,21445,21993,19547,23364,18301,22426,22857,17204,17196,15617,12503,13786,12180,17823,11249,12647,11870,11503,13009,14718,18605,12921,8910,15639,14067,13446,12202,12716,12248,11668,9630,10386,11528,12757,7717,11448,11528,7540,9511,8426,8019,8187,6024,6372,6350,6538,5951,4135
Petroleum & Products & Related Materials,213689,106168,159131,144283,311419,183902,181245,314789,113278,232555,173990,399294,175284,295027,253851,194897,370146,211749,282110,238174,526751,421078,260574,260029,269541,529427,304985,438296,364166,168971,167900,185335,285911,253378,173239,311594,242098,308367,143364,84458,48742,94981,99059,169367,171986,73047,130464,169383,332526,199511,116539,224149,146994,120457,130333,161587,162294,180276,125822,135693,211414,159379,186317,196884,181234,201771,205967,207483,226144,172155,230380,229636,87286,93854,103942,99797,179206,194765,208630,228328,472084,342331,424482,466955,473347,345568,389835,466556,470673,434244,401549,531301,358108,365727,480172,348835,751136,328100,404094,471489,454093,422114,438046,457790,434018,460701,525554,627498,497079,509637,499233,787924,482187,801961,630216,675446,793829,778865,879549,894559,1119550,668863,712442,943217,1058354,863747,1030598,1035188,1409799,1948487,1364337,1751732,1735833,1404943,1327708,1291373,1651795,1396891,1470391,1532682,1308753,1730759,1859666,1696024,1267897,1766302,1510736,1346552,1752138,1770518,1975801,1876790,1759166,1946565,1587648,2723109,2442575,2531692,2371415,2512096,2082058,2241183,2601242,2062252,2642283,3279052,3044509,3400668,3415861,2398182,3139023,1969078,2210340,2228848,2509123,2256391,2394134,2672482,2175182,2451816,2724962,2041116,2864410,1570070,1833239,2212007,1526666,1829885,1627982,1702890,1587964,1828854,1471170,1529497,1021460,1323205,1058650,1948882,1958191,1634239,2982043,3322390,3295351,2413178,1938727,1912700,2163862,1725670,1397923,1696998,1158376,1387011,1427383,1503451,1456707,1465794,1205587,927516,1092982,1039980,1200612,1065261,1480597,1543285,1112294,816870,739630,387618,460737,676703,421042,298141,381972,514001,420739,507692,336232,353831,386479,341758,454462,232464,384105,273939,355004,489817,398201,348921,254315,288284,409375,389614,322150,253539,326506,319434,228916,270242,240722,221934,185357,213055,202627,250644,322724,257388,256544,269489,273303,150142,120349,192642,266186,262284,128343,220566,143015,217108,149192,147619,126325,86627,78171,104634,51365,69668,63256,16951,4912,3577,4401,7311,4549,24252,9491,26964,4087,6491,35347,19856,26709,23807,5566,4514,6819,24982,34831,25957,13825,5040,42651,10566,12449,3956,6400,11932,3625,39882,13483,9218,4751,12164,5369,6763,21255,22428,11690,16835,16406,23246,24975,28647,20661,9380,78614,26250,15706,27884,15978,4867,7109,15535,19823,13694,12423,28749,11810,13807,14654,7779,22414,9356,4295,13329,11712,31275,18349,8069,3174,3042,7092,12107,6801,4294,18576,3395,3544,11629,2715,9262,7589,2999,4023,8622,3337,3149,6226,4658,3182,2249,2244,2619,3746,3029,3183,3001,2509,6636,2329,14322,3871,5711,3769,18187,8105,3552,12338,3925,4699,24364,2726,8252,5758,12417,8576,10339,15501,6154,13881,16618,20488,6084,6011,4054,15524,13649,5928,16691,9382,29467,31017,9675,3655,13320,18582,5906,13253,15610,19022,22629,17179,12805,17917,36229,21622,44868,66044,49700,90942,128868,47056,84894,92795,98820,79924,69607,153556,44366,32240,47006,57115,37447,57993,8226,40022,23727,10675,41341,38276,35394,27302,43925,42092,31617,5171,23569,41487,25961,9036,58769,29324,23658,57917,70153,43281,89067,39502,60259,18722,73179,41641,56851,24874,21607,57022,45705,61891,6343,30239,34007,7907,24469,42865,70327,28614,53292,110795,54686,66034,54083,67967,80947,142897,41173,10302,8789,80089,73435,28305,120444,119002,38285,106742,84698,34162,70035,48677,29235,12250,41923,25552,10421,2939,9287,10677,63889,13379,23991,75377,26755,37469,46159,11324,19742,21818,21653,49107,75599,28569,25605,14749,17894,17690,16635,41507,22122,30626,28887,10871,7828,5692,10136,6445,6044,9610,4398,4267,7015,7686,8122,6998,4999,7792,26029,5475,14389,5112,5763,13545,10241,7107,9988,55954,24365,15952,4856,5028,5151,17100,24054,12616,7850,27343,4468,8905,14229,9186,9101,6550,13194,12377
Fixed Vegetable Fats & Oils Crude Refined Or Fractionated,5303,3567,6077,6935,4307,8541,7394,5004,5352,5094,3786,3767,4712,8546,9087,10139,7760,8826,16160,14192,8840,5624,10011,12471,20941,18020,12096,16961,18290,16404,24099,13146,16387,14721,7338,28176,28766,9425,12600,11086,15247,10986,10358,8873,11652,7723,4932,6074,15038,11209,18023,16451,12350,8672,7345,11785,10598,8527,8185,4415,6755,5192,6016,10263,6698,3900,3278,6195,5517,3949,4936,5426,7369,3488,5423,6001,5514,7768,4634,6610,6094,6082,6269,6585,9050,3968,4901,5516,7595,5221,5615,7677,7585,8732,7784,6858,8970,7070,7517,10922,9527,5903,12358,4666,4704,6205,5624,6402,6887,5842,6935,8207,7869,8122,7538,8169,8646,8313,9112,9990,10405,6628,10143,10756,12131,13857,12653,10457,9848,8957,8626,11031,9319,9440,11955,12962,10949,12876,10449,9260,11142,11269,11560,13500,10595,7140,11866,10513,14376,16989,10716,10167,11669,14281,12792,11705,16127,20131,21917,23250,21246,61638,23605,10220,24636,17924,23078,22932,24779,19030,30398,23772,22434,27174,25847,24009,25916,29575,22237,15262,29047,20630,24079,32116,27361,29199,27043,21957,29639,32008,25049,26866,26529,24423,15334,31536,34613,29809,43778,36660,34217,37312,23876,33369,25860,26418,34659,28161,22049,27376,27539,28745,25345,18024,15379,16949,23422,14229,16444,19974,16935,16222,16119,13296,16234,19912,17162,16841,18617,17343,15138,19607,13604,16542,17699,14779,13704,21471,13942,16589,16536,10562,12929,3107,4570,3321,2602,3693,3689,3642,3002,2635,3773,3057,3370,3228,3248,3502,3221,3406,3551,3329,5880,3502,3135,3409,4973,3853,3700,4031,3381,2581,3283,2144,3649,3525,4069,3216,4448,3174,3283,4113,3565,3059,3272,2495,3190,2703,3070,3563,3419,3228,4697,3328,5260,5371,6761,4786,5587,5441,7784,4650,7606,8919,5269,6617,10943,9444,8215,7070,9781,5899,12540,8724,5662,7422,11144,8220,9302,12706,7434,9332,7249,4671,12961,6515,15255,19440,14073,14820,8718,16607,13044,14309,13496,11151,9002,6972,10142,11648,14949,11297,9616,10273,18128,9008,11478,12882,16580,12195,21638,12270,7865,12180,11748,15712,20519,17480,17589,16508,18860,13063,14960,16471,20169,16374,12197,8605,7018,7784,6309,8464,3243,9920,6029,5564,6856,5536,6928,7234,7494,6879,8515,6352,6168,5073,4316,7442,8212,5349,10590,6919,7306,5297,5259,12308,6896,9892,11620,9995,7470,6805,12411,11007,4937,9759,5388,11845,8846,9905,3876,10640,8540,9229,8007,6475,7923,7061,10804,11429,13892,6773,12835,12253,8690,11812,12823,10833,6845,19412,10475,16369,18424,9633,13072,23183,16839,31595,13739,22563,12582,22702,11007,15221,10499,8935,9067,10119,19217,10342,9589,6764,6742,9845,7357,7323,6118,6700,12215,9342,12979,4896,8281,6916,14201,3810,10042,15671,9395,20256,28135,15703,21583,44220,63725,53665,73981,112651,82159,69819,142144,47753,104007,77332,71693,93873,76535,126205,83168,66569,76246,27010,49474,16631,16306,25435,14572,4832,22152,9820,8008,15855,11535,17503,11821,18460,2569,9386,4658,10750,7949,13170,2607,11780,27071,39575,62215,31490,15972,20465,18013,18655,24382,14673,23836,8173,10909,20470,29787,17729,32387,18810,24426,46422,22189,38377,81134,41535,39701,88455,64487,61675,84239,30634,55755,42931,57370,60592,79385,29932,48222,32425,33150,39459,26902,21265,20675,23024,19807,15680,13038,10993,10371,13237,13384,15721,18036,19027,11751,24714,31655,25413,45255,23370,15428,21474,16027,10224,18637,9346,17910,10429,15710,11778,14500,15640,16531,7156,20139,9384,10653
Animal Or Vegetable Fats & Oils Processed Waxes Of Animal Or Vegetable Origin Inedible Mixtures Or Preparations Of Animal Or Vegetable Fats Or Oils Nes,176,553,166,426,1115,990,2710,1150,1854,1720,2403,3802,1621,2443,1793,3450,3887,3231,4382,4073,1774,1531,1985,1750,2631,1805,4126,9634,6005,9044,4673,3693,5398,3680,1743,2797,3316,1931,4533,6347,5178,3148,3836,1806,4337,2169,2503,1078,2585,1433,6800,2984,6905,1374,784,2960,273,514,768,655,855,913,1247,593,574,300,203,372,431,550,175,531,223,153,104,293,629,267,108,143,87,195,883,146,446,136,187,130,457,859,117,337,465,503,805,290,383,280,885,449,649,713,315,248,570,778,393,494,282,421,629,560,317,593,615,340,349,1612,1972,430,360,250,306,364,153,466,330,172,800,516,365,203,288,233,232,414,95,150,1740,548,156,108,161,95,122,104,72,215,159,239,75,109,180,361,311,171,183,195,224,22,137,26,294,238,151,134,735,379,323,129,475,953,663,433,367,502,960,15340,16065,475,14499,424,748,8406,1247,403,5371,230,2297,732,1199,1789,3794,1801,1006,2078,1004,1262,2318,1591,582,712,1727,8048,263,245,317,200,206,152,171,287,203,190,697,1200,552,1116,960,676,784,817,1913,1474,1136,1988,326,258,433,256,255,260,352,138,244,367,495,674,582,743,958,624,591,326,571,689,229,160,174,226,176,199,287,170,257,179,112,244,471,203,424,266,480,254,427,644,244,372,351,285,441,325,1463,446,646,955,511,610,3677,3953,675,2202,291,1696,360,583,1256,301,1824,846,1675,1171,1681,512,1606,175,271,349,213,128,339,121,293,224,175,332,462,326,333,389,632,484,269,177,217,2197,3781,5094,6028,3284,3151,4749,4669,3308,4949,2924,1592,3879,2998,3410,4354,3244,3087,2817,3891,2457,3689,3048,3412,2034,3121,3141,7607,4971,4865,5108,5919,5585,5171,5155,6584,8226,19459,11901,17020,21756,13317,20913,24750,21860,17846,12782,15101,10160,12018,12740,8678,12615,8778,5738,7496,6261,11176,6505,13072,8376,6755,5532,5157,6003,4649,7456,9608,4715,5982,4080,6360,7762,5047,5579,4987,5451,6012,4070,6776,5155,4735,4888,4621,7088,6525,8918,5542,5202,4167,10283,2829,2633,2871,3330,2483,5911,3778,8169,2887,3579,3860,5038,3880,3031,4254,3963,5626,11792,2659,6368,4957,11388,6205,8605,12668,11630,5988,7776,4443,6687,5635,8742,4691,4171,4807,8820,6583,5122,7871,8354,4906,9298,4512,10176,9787,9593,3609,6913,3382,7237,3400,3793,4577,1931,4972,4524,6898,6556,5037,6615,6687,5181,4725,8977,7015,6918,4150,3375,5137,4660,7145,1618,4550,6437,12422,4633,7870,6456,7968,9606,7669,6312,4062,4930,3949,3395,11571,2945,11123,6875,5130,5611,5192,4242,3177,7293,4537,5254,3212,2865,4440,3758,6400,8044,1149,2841,7166,1675,3083,3715,1938,2218,7789,4968,3610,7153,7079,4388,7438,9846,8818,6349,7911,12176,15080,8027,3820,6407,5582,4970,2763,7917,9003,8345,6260,10383,8466,7375,6790,7957,10257,5951,5460,3459,7962,5687,8615,1719,12314,10318,12410,11738,14383,15857,12389,8938,5289,11634,12887,14618,11916,12529,4682,4161,12718,10898,6603,5876,3630,4108,2473,1039,3718,1985,3803,2093,245,2790,2946,924,1705,524,337,277,753
Organic Chemicals,111367,139044,180628,171203,180482,141712,230049,162110,189288,164618,202102,193852,183594,147477,169254,141863,138995,264827,171594,298726,221594,154783,167213,133140,408053,178532,256378,254861,668981,194398,321073,394368,235630,178817,187642,230229,268333,195888,227589,185696,265771,172895,182527,169839,250599,176078,185753,175617,143350,211876,136763,161647,182845,141765,147252,124265,134527,215436,219871,165032,259029,117834,123274,228837,232800,189215,137222,164197,183389,257805,326087,212886,225618,269323,173807,232461,260911,265483,239516,202474,201592,191114,192703,173422,222431,177708,157923,151676,426258,174687,184581,163410,168191,158126,162568,195249,201818,172852,163213,196244,185248,175103,172666,381325,142518,203302,198532,179710,181301,143230,189497,179133,226080,261559,170968,178900,225126,204880,224930,246070,238126,182337,219426,193200,216176,282437,269343,195618,436224,297285,246987,277760,255240,289147,239513,271812,233917,315439,209258,273583,314094,249289,241895,229827,257194,226820,221676,220285,206535,278447,177210,311248,198118,253626,261939,211946,290739,279371,188314,200989,241198,397182,267436,204838,254402,312274,245221,324394,237730,195406,204697,185563,179578,214337,203633,194021,211409,221767,238945,252452,186214,159189,144900,165335,147793,162195,147391,137663,151191,149186,134810,158209,154155,124869,113778,90350,106270,190807,189335,285015,201792,242370,240822,201592,244934,194695,230443,198957,180303,214954,183178,206575,189171,187233,167347,243278,176878,138081,184550,166423,173919,174862,172633,169687,170306,161892,173092,149878,179263,156819,152800,182508,156727,176607,173686,244608,214484,190263,177606,207026,273523,129049,198778,225209,159607,186106,169353,192380,173070,218435,171231,133894,144190,154393,142966,162281,131048,167879,144870,137654,176323,131176,128091,128633,141728,135942,142604,86971,92583,116560,101106,107600,109661,115850,104767,128266,100986,104815,115142,101024,107293,104656,105170,116108,125013,148155,129518,134993,119904,116359,113797,112635,127096,133227,117208,130397,97516,121436,101029,107578,109232,91952,82645,89986,100350,92969,104417,85145,90015,92869,90308,94086,105904,66485,81044,105327,96647,94699,88653,88946,95961,108282,90557,98962,118217,104491,76265,95152,113771,121835,111056,97680,104476,104346,119228,104891,110677,95336,89047,83635,118674,108683,93459,91688,102117,88689,99519,99604,114939,88775,100179,105495,108622,98257,117300,102624,108607,110327,117660,105149,109663,97139,95617,101617,89904,97058,84251,83057,79005,79886,71502,80503,81562,57598,69236,71529,67193,59780,64221,63079,69180,80658,76536,71891,79530,57131,48995,72232,66547,64309,57461,55113,59876,57684,55412,47279,65980,47788,54192,51855,55329,54558,57514,68309,75296,51024,50745,46989,60304,50114,59748,57618,53161,49241,55231,48373,45977,45422,45965,49926,57398,41241,48431,47778,53043,43355,49582,50407,41293,54416,47405,53471,44154,40082,41985,39810,41143,51381,51981,60990,54024,47390,57679,52657,44225,40053,42045,40657,43115,35318,36735,30477,31244,30658,29859,36208,27593,29518,25483,26337,26219,23783,23130,30110,27734,20595,23950,26935,22219,22593,19415,25374,27148,31594,23973,35085,27881,33257,27313,29970,26511,27694,24494,28880,23574,26237,24362,29238,27849,24984,28571,21878,28994,18716,26590,19116,19536,24750,20250,26597,18888,23324,13376,20561,25137,16109,17085,21010,19464,17763,16011,17384,17667,17274,22640,20733,15126,15896,15801,20700,17860,18597,16659,21948,19034,19229,16752,14148,13224,14206,13924,13851,14200,24880,17535,13121,14606,12168,13330,11187,12693,9966,10572,10435,8570,14732,13799,11905,13759,11711,11838,10901,11296,7440,8807,10521,7807,7414,7760,7760,8178,7931,7644,6922,8585,6451,6265,4610,5926,6046,5375,7082,4940,5941,5388,5600,7443,4712,7605,5867,5805,4560,5209,5149,6106,5896,4757,7235,6318,4695,5680
Medicinal & Pharmaceutical Products,570417,398597,397057,652700,351704,628334,365233,316911,535571,423380,510723,677093,609912,427046,345831,494993,491546,544028,525021,545757,483245,434147,574416,396493,638172,386476,344001,239608,275919,248705,303984,253842,231033,264148,267204,270191,292750,234342,305046,268338,216051,286455,265424,210619,214148,222322,194320,212898,212627,169489,217673,220083,237326,194482,205253,208038,193518,269559,220511,255901,241596,291365,218988,215187,197802,221335,215357,235282,311961,215775,246112,245492,227262,182563,237878,144691,211994,260677,197523,327985,241063,245192,218651,308546,182134,160685,233671,232654,208025,218505,172677,169400,258664,179731,202108,283500,238390,202604,195686,177230,271109,177221,202755,235782,175148,206780,211667,199272,171366,139429,172675,179095,237808,206594,299002,204011,165034,155743,176895,147143,248994,125794,173816,162141,102429,111551,126297,134815,96021,116433,112514,134155,141034,90836,112054,89973,137454,211136,131555,131499,98661,103959,141325,139318,92195,106891,112868,69880,101856,96447,134799,102313,154034,106927,113501,100196,100811,89769,91862,86436,112604,118328,126187,81266,92093,104812,107539,96300,113683,79472,96472,74991,129915,101509,97373,99432,94679,101084,134661,94140,93999,74938,101661,85340,113881,85292,85233,94432,90834,105603,89140,84616,81372,86949,67064,80794,90857,75864,140359,108848,117714,96894,100519,129567,109211,94442,120489,170643,105399,97113,125295,116767,137817,113600,118731,83872,124287,99802,98955,109261,100466,106356,104722,138876,108408,105500,65649,85198,93714,96928,68762,82874,91454,89431,85940,88631,77216,100394,116581,79565,94945,66156,83578,66453,71442,71153,76391,64289,75031,68692,73709,67900,74423,61969,57056,63596,66700,64734,67772,61592,66337,71443,81406,69831,77160,58057,68604,53735,68303,71727,61945,59930,72098,72989,63837,83704,65645,57568,61001,56818,62428,76938,68432,71047,74588,74411,76135,64112,69276,62430,53896,61707,83190,63414,60658,72247,63749,71969,63401,56421,63203,57281,64999,65605,68296,65425,72766,55021,59881,53433,55678,55152,65528,41023,52766,47889,44774,49500,52656,52888,52359,50001,58908,44701,49838,54645,48194,52686,54288,53693,58011,52052,54966,51259,52265,55325,56434,36564,55892,49780,49936,52697,52304,53146,50731,40017,47254,41454,59644,31058,42356,47760,54518,52904,40658,44538,41308,50793,55339,48649,53733,42931,38638,43600,39305,42856,42309,43859,39778,39943,39059,44603,44012,28645,35771,33740,33830,31108,35349,28481,28012,27440,27644,42431,19498,14072,14612,16823,12720,13631,12578,15354,17479,15981,12075,11927,13808,13663,12231,11227,9745,9185,10216,12048,10626,10244,11338,11548,12394,9082,10506,11527,10714,10334,8339,10729,10765,10155,9930,9571,13516,9747,11470,10488,12918,12639,13677,13834,11037,9978,9214,11459,11739,9216,9133,10972,11189,10918,13473,8863,11380,14368,8985,11467,9145,8581,6954,8745,7768,9918,9262,9170,9065,9090,10486,7986,8717,7737,7790,8576,8313,9890,8374,7859,8422,7659,8193,9662,8023,8734,7502,7208,7883,7575,7840,7858,7454,7928,7444,6793,7333,7832,7974,6845,6389,7932,7226,6959,7805,6858,6235,8736,8167,6328,8254,6879,8486,6316,8202,6656,6970,7624,6156,7857,7978,7175,8151,7558,8217,7437,6421,6341,6831,5899,7336,7515,6436,6009,6462,6746,5037,6924,5286,5422,12790,5628,8039,8241,8093,4523,5111,6588,5127,5856,4764,4780,5262,5791,6199,6197,5220,3983,5406,4331,4769,5355,6074,4987,9526,5477,5283,4358,4640,3202,3933,4048,3854,3618,3618,5014,3787,5756,4538,4082,4229,3742,3811,3291,4885,3151,4264,4189,3664,3486,3669,3390,3709,3428,3774,2950,4668,2772,3503,3784,4052,3690,4441,3222,2900,2730,2788
Essential Oils & Resinoids & Perfume Materials; Toilet Polishing & Cleansing Preparations,761737,782184,724896,694193,746025,840900,662009,737588,795762,838561,891468,859148,891217,757226,880138,669153,850975,870550,704596,788444,719543,767811,951947,815370,1124299,992962,823279,1012235,968648,1010828,919993,967574,827571,919097,1010869,888064,1031191,961729,904949,988908,1033835,947889,916932,962772,964516,913907,893742,888172,1048243,833572,924107,912901,993586,1030493,1049944,916931,863671,870808,725339,805473,741957,805108,902079,933106,999200,959582,938635,963004,835271,808125,845500,846628,936419,759940,866301,719332,784592,736265,908506,790388,746472,697377,784187,666369,768510,625787,765745,585107,744948,677558,608165,606579,557881,516300,636763,542421,601283,573410,545720,486149,583960,500157,499439,460776,448984,417489,439515,451153,468848,414934,450128,390709,394414,475540,436375,350963,343021,375065,382429,361113,451176,335598,453778,386914,375288,431373,365086,300666,362171,345487,422983,339486,426888,293728,315743,293133,327536,388380,333636,282254,328764,293493,314907,377617,339948,237020,298170,267890,261815,255145,360278,280871,292947,267787,258036,253030,282489,372986,270702,405265,314877,397913,379925,303792,286145,262133,217177,233542,256921,243807,228397,224441,210632,264743,231375,256282,300155,221059,207146,219055,242132,189968,209281,201857,173618,205803,194123,192363,184213,162814,168178,187668,173328,181862,148134,171412,179244,197730,206851,196032,198411,177798,180278,206364,208501,181126,217986,199853,249199,205341,202011,199726,190898,196839,185226,158685,196382,158753,178036,174560,179378,175196,177090,161647,154023,166440,166159,156361,167172,169611,128767,152973,152114,159689,149741,157689,157431,173922,124812,148149,147957,129823,128656,137897,128640,125481,133960,124131,127203,114435,121237,116811,120799,100844,94495,101937,110518,116554,103282,90529,102378,85312,81110,90850,105946,80010,90968,76246,80906,90402,75577,85920,78755,70727,72919,84391,66618,65959,70266,68190,78605,81127,67729,74401,76928,79713,84161,76037,77053,72887,64296,70787,79877,79960,77663,74843,69524,71531,79412,71778,76973,63105,57751,71279,64092,76059,63525,62072,73564,69458,69413,65247,73445,48119,55209,58368,61033,65418,62554,68400,66502,75075,56289,59895,66517,65379,53837,62884,64118,66645,59898,52082,57487,50990,55956,55683,47583,37644,43852,52739,49968,62428,50291,54975,50496,57515,49182,49222,50998,41226,55314,47249,58582,55307,55261,61357,51458,48617,46658,42490,44652,38877,41939,46315,46391,48004,45457,42075,44772,45412,41814,42374,43213,28825,35442,37170,36110,33216,35878,33421,33610,33369,35698,39591,36017,26811,24329,29491,29238,32563,28560,27503,28489,28720,22594,24995,27934,20791,22725,22378,28127,26035,25374,21709,20031,19790,21375,20302,16786,13084,20888,15913,20298,20876,15926,18619,18010,18490,20275,19525,26904,19765,21408,25516,22036,19749,18200,23146,16465,21820,17825,22664,19173,12897,16637,24110,18677,21210,23031,22540,22616,24882,23652,16887,20573,18214,18277,15907,15373,18041,16566,15506,17245,12556,10324,13821,10536,7935,12101,11112,13784,10862,14658,10526,8431,8591,7618,9741,5879,7086,5787,6722,7536,7697,10573,10930,6300,8440,6525,8423,9117,6173,7394,7433,7459,9241,5315,5899,6200,6894,5988,7610,5578,5125,8373,5605,5145,5216,5253,6760,6887,8652,9064,12210,8712,5965,5589,6922,5842,7175,6060,5173,4817,5931,5320,4990,6051,4347,3859,5103,5634,4225,4398,3923,5351,5551,4486,5054,4938,3475,3528,4464,4249,4431,5243,3376,4422,4062,3409,3613,3663,2788,3463,3066,3543,3523,2674,3352,4014,3761,3334,3261,3275,2411,1956,3056,2938,2608,2752,3109,2638,2712,2473,2465,2357,2303,2832,2781,2687,2317,3091,3803,3038,2602,2978,2628,2785,1773,3141,1933,2755,2286,2307,2330,3458,2589,2396,1864,1929,1288,1395
Plastics In Primary Forms,307424,312013,285527,391890,368665,346239,380118,344172,366292,281473,310521,301253,305764,291128,279026,351500,342643,319994,373569,394751,358085,372891,339175,281355,316162,339190,301276,396314,343011,463808,454760,484308,430316,575473,452044,439026,566817,521853,496654,535903,520052,467746,476501,424121,427837,446395,392079,445196,530014,420127,378660,608545,518147,520473,450296,410560,457506,488882,393056,386022,444014,420604,435284,456715,441397,432131,441219,428019,491896,477467,440428,552594,514626,928692,482299,611204,545632,584094,467540,579536,531240,512921,613518,510325,525230,399056,432677,547322,452587,491717,454213,540408,467376,558213,437539,425597,402429,402549,348850,439041,574789,409549,367609,369417,364321,306744,345634,419849,516352,297126,304695,322097,328043,386385,375099,331102,327210,315286,334060,306128,413867,371933,344610,347879,345673,420831,388116,434982,429391,381976,426419,411158,402405,387373,396396,441970,394834,471315,417045,439150,413440,433560,393073,391384,347919,329761,386085,337103,429657,448712,375750,424553,468739,435004,464937,438312,516065,678806,471933,481545,504826,461866,363892,446949,385594,338538,397702,357686,404336,317494,291643,348909,414000,283683,237291,299145,263505,283082,265572,273168,247413,154877,213880,210732,225291,184115,133811,150657,136254,133975,117842,122473,97146,93056,72006,114768,92602,111429,114381,128590,151174,124219,119891,124220,112462,96595,114069,109749,118829,108147,103432,109056,111609,114411,118911,101773,113445,83988,117931,107533,112971,97910,108544,113611,104122,114735,104041,99179,111350,96898,97886,100865,97536,107105,99439,95258,89965,97624,86916,85421,101913,74913,85485,90124,84186,97173,99317,94530,101149,90256,84438,82319,85724,79037,76997,88764,72660,82000,75377,72035,82457,76728,78660,76261,80043,64914,76448,51067,55921,65285,55430,56877,64940,59124,58611,70380,71214,47199,60864,49324,58096,61403,52524,63291,63795,61154,70054,65190,70386,67785,64673,66130,76840,88762,84435,80849,80802,77027,75249,66151,69736,60791,55392,68411,63139,63640,59995,56466,70783,54750,53757,52521,58597,42649,52433,49304,52816,54331,51775,52306,51878,50371,48244,54817,60511,56281,41548,54651,58288,71231,62862,64421,65675,57192,53246,67147,63799,41290,56246,54245,61396,68268,57311,47928,54896,51059,54374,53388,61084,44751,75901,62168,58953,60468,73938,62342,62380,64633,64624,65094,58649,54599,55860,59517,65507,61734,56942,59131,52378,51094,55621,51907,52376,39589,57887,57372,68927,44652,56975,44297,47321,51845,49463,56790,51479,33725,38095,41426,40177,41872,36479,34740,43208,44502,34838,37462,39095,32688,35426,40738,43831,45000,43564,47982,51159,50893,44744,47756,51850,38873,52243,54177,52730,41126,37493,35298,38664,35954,39714,39853,42730,35006,40382,50085,44837,46329,46846,44287,36866,39800,39867,40811,51656,36861,39460,na,na,na,na,na,na,na,na,na,na,na,na,na,na,na,na,na,na,na,na,na,na,na,na,na,na,na,na,na,na,na,na,na,na,na,na,na,na,na,na,na,na,na,na,na,na,na,na,na,na,na,na,na,na,na,na,na,na,na,na,na,na,na,na,na,na,na,na,na,na,na,na,na,na,na,na,na,na,na,na,na,na,na,na,na,na,na,na,na,na,na,na,na,na,na,na,na,na,na,na,na,na,na,na,na,na,na,na,na,na,na,na,na,na,na,na,na,na,na,na,na,na,na,na,na,na,na,na,na,na,na,na,na,na,na,na,na,na,na,na,na,na,na,na,na,na,na,na,na,na,na,na,na,na,na,na
Rubber Manufactures Nes,64206,61775,56053,63389,64310,76892,60331,73663,74186,61006,64095,54962,61317,58360,57621,66346,62835,72219,61474,75000,73243,74568,108245,56230,73072,64221,53333,63340,64143,61014,72871,76996,73735,74542,60380,61716,69411,53412,56701,65863,59541,57389,56167,68183,61500,71407,55761,57318,67485,48091,49042,53777,50809,59019,51542,56292,56950,58288,59323,50124,62283,58772,53930,69705,52638,63513,65944,58817,63007,53014,59878,62103,62857,42788,63506,59995,57811,60403,53344,62535,63909,61461,68164,66181,68212,55545,53931,62094,65789,57644,51317,59340,65820,56029,62752,58131,68126,59427,47797,57387,68111,52405,54942,51034,55457,61080,50231,62001,61575,51830,55572,58014,54496,58189,57769,68535,58678,56324,56978,63960,61302,44839,61736,55639,59269,61754,68876,61907,59625,57794,62931,56029,62171,57376,58404,57067,57041,63859,56765,72710,64609,54215,67531,74121,66951,54182,59914,63309,65309,71230,62873,72244,69022,76929,86728,80105,184274,98717,94011,84182,65967,83504,68574,79812,81058,84381,72780,75733,98007,60306,72298,69003,65689,78195,70043,66632,68107,73779,68625,62781,77347,48586,67723,65570,61008,65994,65512,61622,63652,63336,63144,66817,60280,55331,51146,71351,61001,71517,77434,70809,77300,69949,68333,90698,74096,57485,77636,64712,72913,80796,67730,83287,66911,68878,75318,78053,73105,51882,70087,69185,75777,81426,71494,98055,76812,70780,71502,72104,81922,69554,61757,84743,61685,56425,54393,63683,55685,53778,54146,55934,57480,41204,49272,54520,48886,47427,52983,52397,53815,54208,49386,57236,66538,48219,42667,56446,48479,51204,48747,48531,54675,45706,48065,58547,49902,40630,41904,33076,28287,33768,32075,38956,35487,28959,33505,35166,33227,21572,30824,30577,25664,30089,26006,31903,32622,31774,33640,31243,32291,28504,24697,25668,28430,27738,29868,31368,29034,31937,32921,31579,35503,27646,26582,30290,37545,31526,31748,50289,32399,36673,32506,36875,39878,23687,22727,29710,25995,28690,30690,31068,29700,33299,28754,33054,32368,23817,24404,29355,28649,29100,28500,32228,30398,32507,31595,33319,32563,21296,29958,31789,28936,35628,33310,31041,39288,30154,32148,32197,29831,24846,31078,26802,37523,31929,35399,33122,30870,29519,30544,30566,30783,22767,24705,24844,25223,25107,24303,21979,22627,23403,22343,26164,24648,18754,20756,21877,21559,23233,23054,22373,22121,25255,21680,26057,22104,19839,15390,21241,16115,21679,25475,19513,25703,19264,20989,21077,23942,16232,19228,21472,18834,16618,18498,17954,20007,16359,15787,17515,16127,12411,16483,18128,16087,14514,17633,16469,18440,18029,17311,16975,18903,17294,16940,17095,18956,19745,16760,19067,17949,18497,16363,18557,17526,12602,13148,18899,17062,17540,14612,14936,14337,19355,14311,13911,12657,14836,12853,15430,14855,11422,12460,12851,13164,13019,12522,10767,9291,9474,8132,8457,7206,9327,8270,9161,7867,5414,6468,7394,4154,7157,7817,6385,6338,6578,5351,6379,5503,5497,6873,5744,5258,5453,6339,6059,5889,6522,6800,7222,6444,5443,6209,6265,6309,4886,6675,5668,5476,6247,5932,6120,4960,7932,6914,8894,6998,5652,5427,7328,5442,5987,5787,5148,5698,5243,5239,6081,7579,7034,7752,6202,6197,6232,6086,5644,5361,6450,3485,6768,4799,3551,6776,5746,4595,5069,4737,3679,3796,3318,4678,3543,3473,3123,3582,2925,2657,2853,2997,3657,3642,4185,4107,3155,2644,1620,2033,2389,1569,1843,2152,1923,1892,2124,2522,1897,2665,1461,1584,2325,1914,1255,1803,2000,1611,2210,1646,1729,2364,1230,1440,1997,1572,1377,1720,1725,2041,1670,1363,1465,1374,1132,1265
"Paper, Paperboard & Articles Of Paper Pulp Of Paper Or Of Paperboard",143501,141946,152042,124191,155006,152949,147171,140506,133865,115987,128610,125587,101016,101773,97584,104712,111783,110910,101479,117984,111665,125104,138709,122744,139264,96050,127090,146399,156363,103917,146406,140465,156015,127866,114042,118097,117209,94766,75341,85067,94474,96152,103123,94310,87099,106363,105931,108728,98609,80494,83309,90382,85933,98950,99768,90664,100335,112083,91038,94877,101546,95737,99712,88951,102726,108178,89972,113177,94126,103055,97853,106628,111884,92091,124577,100141,111733,111592,102174,105514,119667,96172,107146,100140,89698,94448,90955,91728,128989,159826,135377,157480,126824,86109,131982,85910,89594,84231,75971,90074,79188,75100,91576,92526,74973,77863,77361,76361,79524,66541,74524,85740,76240,74356,87884,53367,73612,73387,78307,77035,73693,66984,77188,76324,74502,81615,86140,78643,80111,81490,78344,74345,87134,75188,73185,70826,61710,81023,74650,80062,83640,82920,88280,96541,78044,63121,76190,70672,67286,75214,76670,95809,100984,73996,78512,71237,64531,68458,65989,70068,73896,93543,89357,59535,52233,51647,47360,49226,52880,40671,40789,36468,30877,31080,29579,33379,34381,33153,29533,34925,35898,24369,34563,33608,28735,33017,26459,31228,34583,29835,27190,30200,31156,23414,28460,29919,31976,33351,34813,33309,32184,36491,36347,38230,34029,30162,35829,27421,34144,30698,28454,30925,28660,27685,26764,27437,33640,22557,29960,29928,30248,29291,26867,30654,25236,28438,26563,26165,28286,27239,20907,24420,27533,26980,23687,25353,25137,29133,26060,25638,24325,18490,20292,26187,21112,22856,23962,24508,27694,27533,27982,22811,25485,22159,20167,25402,23594,25217,22656,22760,24677,23528,22614,24097,23197,20327,28187,19211,22654,25432,24061,21364,22135,21641,19119,20137,17652,14965,16131,14331,15783,20045,21719,24653,29362,33573,48134,45357,20334,35292,25293,25883,37066,34166,29736,31056,34247,27702,27655,33322,38780,21174,17663,31130,25023,28833,31131,38524,47310,35046,30561,32627,26841,15973,23484,30716,29069,21005,22233,28150,42662,30127,31297,27747,26743,22516,19733,17279,20455,22007,20920,20187,22387,21864,18479,20342,19508,15076,21473,17139,17172,21933,22244,24359,22499,19174,18660,18487,20508,18023,37107,24083,42588,28327,25930,26369,22907,23737,23329,29818,28868,19155,23152,25750,30666,24700,25071,26492,21689,21197,19157,22293,18409,14372,22833,22005,20565,19033,21732,19247,15455,19524,19449,22270,21991,15995,15507,16525,17222,16493,15306,16864,18679,18113,16270,16089,17749,11199,16088,16075,15681,16675,15720,15859,22499,18574,18777,18398,20894,14586,24691,20871,19430,15553,13959,18081,18159,16100,16045,15283,20143,14719,15727,23092,17345,22869,22256,20803,15310,19274,13821,14016,18296,11102,15105,20967,16932,19261,16648,17475,16170,16054,14122,14680,12945,12855,13046,15153,13423,14325,14706,13739,12612,11364,10153,11010,9111,7855,9163,9396,8794,11469,12935,11780,10026,8725,9743,8570,7403,8239,8902,8086,8889,8566,8656,9595,9028,7913,8862,8847,7940,7726,10863,10106,10304,8893,7946,9364,10799,9991,9001,7576,9871,7193,8003,9987,8207,8090,8059,7443,7267,8293,7816,6578,6570,4791,6118,5448,7486,6789,6612,7650,6560,5964,7640,6979,7839,5501,7068,7642,7005,5372,6426,5246,7294,7346,6364,7564,8064,5197,6863,6764,8339,6228,6401,5763,7149,6269,8571,8966,7853,4337,5872,6455,5760,4378,5292,5282,4928,5209,5433,5152,4477,3789,4086,4636,4653,4906,4408,5239,4269,4375,3400,2883,3369,2407,3599,4110,2853,3832,3016,2759,3516,3611,3220,4118,3415,2471,3827,2980,3266,3021,2879,4030,4095,3472,2652,2706,2746,2569,2320
"Textile, Yarn, Fabrics Made-Up Articles Nes & Related Products",36542,42146,44419,36238,68061,44677,37948,38945,43716,37211,34237,39675,44931,36359,41052,44289,45490,38583,45393,43613,37988,37191,46657,37200,45951,38319,39939,47273,46057,37749,43203,47366,46465,46638,39594,47696,54375,54164,56865,51983,49907,45775,48427,51089,43857,45910,38511,43406,42533,33516,45330,44616,52618,52257,71081,52842,56441,52391,67465,60072,47291,41703,43799,35843,43552,42201,42371,44305,44312,39153,43807,46221,54079,34231,49773,41047,51142,56036,45664,49540,52745,50132,48887,45400,47366,35409,52849,46074,50872,45631,44381,45861,40695,52747,54342,41654,49554,44342,41191,48646,51971,64209,56264,47484,42515,54903,51069,57891,55503,48408,57090,52242,55400,53796,55895,52047,52067,52522,56923,55598,57730,45380,50789,55178,53885,60024,59411,65667,52691,61242,58865,65950,58366,58211,52639,64554,62864,65206,63524,60086,65182,58952,61093,102693,56747,45861,57379,48625,55369,54597,53117,48776,64904,64800,66008,55726,61616,71555,47057,71024,63390,59497,51256,64192,67267,62445,69519,66302,57827,52886,53088,65418,57613,60531,55103,68979,78027,67807,58749,67575,61413,43071,55982,65178,59428,66556,49813,63529,70113,60917,58375,63012,52756,50534,59953,66437,53248,60716,74147,69672,80968,71646,92695,79111,75145,63322,77279,73127,87461,84145,95090,88384,89996,82301,81173,76050,82894,56316,81793,78716,82163,74438,105608,107301,95836,94558,90152,73114,73752,60677,59200,79535,70687,76362,88624,92964,97362,88060,94682,102993,89714,64739,79667,76295,70259,88735,100534,107311,106105,85397,103197,100572,101764,92655,82443,93664,79602,104725,106070,98482,112229,92020,87447,99483,99002,71908,82217,51641,61484,71457,61364,64175,73382,69247,73300,72941,65484,42788,53907,50272,65658,70550,62533,67111,66886,82592,88473,82656,86079,73642,63875,68312,95268,89727,95698,100212,100187,108345,96145,81492,88640,68450,67091,93985,89986,92525,92785,86690,88708,91322,89302,86627,91611,57890,65271,79187,84971,82634,96866,88382,93285,87907,100633,93872,125529,89221,76950,107686,123447,125686,124459,128664,143134,140080,133234,127366,128447,77241,112775,130156,127699,149435,141071,134460,145852,120114,139286,128012,122383,83943,125699,139102,157681,145353,149960,159402,146552,161030,149130,143613,145275,113676,136678,148725,152115,165002,166434,156805,151718,146939,153574,163325,127840,100152,151994,133381,139646,119517,144718,123741,130536,142069,155570,147173,151246,110724,120834,138752,139751,132374,110798,116134,140246,122407,117310,128838,134711,104375,121126,114976,123949,125007,127513,135946,136450,155423,129187,133248,152484,97024,163112,128094,120927,108734,98053,109043,107674,109590,116035,119375,153776,105506,104846,131674,130625,124980,115420,122590,91073,119435,102677,109167,114281,94762,75965,119848,103114,95635,105954,86846,100162,108109,97964,106395,91496,90133,85938,89251,89417,224284,104135,86589,92088,89002,83923,97185,67574,72220,73327,78512,67424,70321,65598,68993,63588,59746,72468,71984,62986,71490,57263,53382,58435,64731,55139,54362,48201,61711,59086,62654,55265,53230,51068,58652,57471,56844,50678,51668,49198,50136,62903,54633,59488,46615,49386,63944,50384,55941,57506,49681,50002,57431,51807,60334,58097,41920,44387,56117,43208,52152,48158,42594,46689,50395,39279,38882,47999,35928,38382,41168,33826,43474,40477,36016,45999,43145,40996,41851,46485,31623,41236,45112,40049,49123,39492,36620,45693,40231,43782,39145,35005,32903,39079,39319,40030,39597,34595,43505,44514,46299,41962,38077,40613,34229,33392,39791,39412,30711,26140,43533,29735,28853,25969,33599,32485,20876,22516,24255,23504,22009,23219,27195,20068,20056,18386,21908,25276,16202,29799,19430,19084,20842,26709,23735,21332,20193,16955,24828,23673,12236,16769
Non-Metallic Mineral Manufactures Nes,73670,100114,134110,113300,59332,83081,80183,83585,147815,109840,148785,136251,116132,110379,128410,108571,104036,91163,96299,124949,223984,165178,159270,94493,184804,148588,217338,158002,132995,267075,187665,243881,362008,306440,297683,322754,271622,274026,284555,218516,192113,182324,147180,189351,190620,229572,173321,136370,185623,280935,176148,148572,201672,129114,153290,111328,85266,139691,44395,38390,62939,136279,202487,185885,148522,132658,242614,128765,242067,236730,257196,190857,189662,157213,214703,228133,221360,217079,255738,111798,251136,303318,251560,260964,224312,244883,214665,180843,271183,191140,211770,183659,184603,240185,236671,130180,255597,192971,236700,230198,261033,148459,272110,151585,262613,250963,200378,396197,163693,210225,203840,168454,134792,180893,162831,131653,213456,197851,181109,188011,199713,223399,212614,216135,277691,442869,138378,224367,233648,227040,225624,273451,282911,241846,229921,219198,133564,348207,105811,68709,151772,86581,101861,120493,101695,51725,60826,65906,64695,121380,71480,69856,95880,67073,72120,67271,69262,72619,41453,63219,125629,54758,67907,81379,46256,69102,109601,75434,77589,35320,48723,49843,72681,52480,65866,79133,49889,57326,86927,50936,74877,65060,68920,66257,61598,52105,64715,77591,109531,83371,79457,95208,102585,77113,76039,68512,98579,112631,96467,68023,73752,78484,233774,80362,84881,75495,74124,77052,78654,80105,80391,78373,103538,87863,82672,73808,71007,61868,57407,85453,71758,68507,78561,57591,72377,65242,58351,53154,64337,59314,35195,42494,99062,316798,371130,386727,357853,400797,317175,136175,255378,167701,143914,158570,134251,65171,93907,60418,62787,66092,63862,46610,52789,49379,61700,50931,56995,55580,61475,56781,58521,50914,42357,44225,49710,34755,60986,42745,50850,41668,55314,41795,44636,46939,53505,47912,34226,46291,39200,52614,44159,46998,54554,55714,54388,41380,37888,42499,44325,58110,30896,45453,64386,66026,54062,40236,41711,34936,43514,35055,43830,67155,30001,42042,44445,42570,62420,27600,33717,43803,25998,35815,25939,21537,22360,26938,18827,28468,44288,32306,33029,35179,29774,32953,39790,59732,54307,53110,55767,58696,81431,61969,70474,58642,63064,65639,67844,33027,50362,53461,63579,87208,56238,58923,71188,55244,52589,69686,57801,53609,87784,66097,75292,52790,56983,76052,58500,42577,39764,40817,48975,44480,56050,46807,41482,54473,49890,43795,47554,44290,45655,48269,41527,33139,44879,45401,47118,40073,37102,36985,33847,39381,39060,45788,39760,48629,29814,41653,41378,39137,40794,37354,51986,38661,31925,32461,46494,29612,31865,33666,58396,53684,37026,39230,36511,30901,48272,48706,37791,29742,49558,30458,36190,36105,29987,35204,35837,50554,33501,30597,35208,23859,27971,36082,33245,27036,28384,27230,22276,26341,27866,28561,38558,24543,24277,22421,28441,26454,22401,20773,32020,18274,19942,23088,22204,20865,14353,28481,16713,16605,17984,16124,14249,17395,13455,20660,12067,9089,15370,11104,11194,11446,10212,11871,8385,10254,10703,12242,7870,9287,13499,13719,10343,10703,11392,11656,11452,14410,14614,15148,11172,13098,15750,17499,15045,16310,17342,11543,13683,17195,14265,13107,14879,9435,19903,16952,17832,16969,18693,26090,15082,13534,13014,23882,17178,9757,22470,16493,15099,21524,11817,10269,21211,13426,10505,13547,23651,9059,27101,20372,13742,18876,11623,15849,13532,19817,21692,12545,20361,8576,14505,22394,14850,19534,12421,18100,8869,12665,19332,8108,6958,13463,8643,16615,8057,8716,16543,7666,14945,15465,6874,12618,6551,9646,8774,11336,8174,10550,4292,11392,4970,4506,6283,13314,9202,2993,5586,7255,4942,7066,3315,4145,7502,3273,2543,3977,2986,5051,4909,4562,2760,3505,4457,3000,2326,2829,1740,2516,2444,3516,2876
Iron & Steel,160444,171187,176614,204725,226183,202156,179829,241762,231291,211826,216530,211875,216177,173425,210389,204515,185752,258100,222362,230838,230619,223707,281899,230925,299413,251105,217515,270840,273661,300801,267160,269180,269809,248976,224797,239719,271574,189285,272563,217907,191457,187373,171253,176369,180688,191491,163046,218351,210738,154139,137323,147240,140161,140836,149364,130837,151352,161735,144605,187282,201181,188777,177729,190373,178983,194020,153466,205075,201732,179755,198226,205327,182636,140908,224751,157712,168836,182443,242306,304092,258045,212720,288914,234963,252550,192959,206508,164478,173270,149416,161893,176695,191285,135367,169255,149057,166755,124816,127062,156916,151928,158894,150335,162313,160305,153374,157329,162123,189584,200405,168374,201695,176737,189932,183578,210757,185711,185038,208941,230017,260677,188905,298134,264270,288590,286923,310744,310639,314788,279909,270478,292185,296765,262306,287068,282515,277356,291077,289027,267408,308917,339358,371413,378636,364790,286114,285021,266833,322828,321130,312741,328864,358611,348029,366906,357338,358650,334763,294999,379502,312745,325241,312447,288573,318804,316946,336700,342694,323415,272863,294018,268348,289105,296396,298183,333659,319876,334098,266504,289177,274799,177329,228535,257850,220488,273356,281901,317582,310409,262462,285599,295138,310820,318459,315620,348497,353196,392212,441103,423263,460585,418677,415124,403065,414433,346766,398238,302642,360709,322504,288553,327149,412595,355478,351149,322756,357601,263551,318440,262256,273652,286493,277945,251185,250816,252274,230898,212333,258697,248062,208883,227948,228141,207091,207927,226337,194421,224896,195069,216284,235928,162036,169061,198377,174359,159013,167938,184424,152493,162674,153809,141923,155917,128803,107068,115532,102102,123727,91391,108859,114629,97002,100139,94845,110206,82659,91238,52321,53244,52916,54934,68238,60483,61341,75748,68359,52041,54827,62212,50790,53637,61585,58548,60664,63289,62596,70935,60911,57179,55623,46639,51532,54147,59339,54985,58617,79458,63039,63936,61986,62938,52573,44861,53966,53370,56639,51248,54301,71367,57657,51144,60117,61078,41670,48569,47574,48585,51586,60754,55213,64956,57122,57238,69855,67552,66710,67807,76246,80442,90196,84443,94606,95156,82192,77233,101608,73599,53827,72784,65033,75976,86108,78352,83086,87746,85927,80027,84467,70682,53571,76306,76682,78821,81156,77795,87177,78403,76236,83607,75521,78672,61258,68248,73190,61128,65300,66142,67910,70338,68363,69523,83955,84422,50960,67119,66275,63259,55264,64159,60835,52722,59617,57488,57769,54149,47120,51962,62166,46656,45727,36904,41898,56057,41428,56408,48948,53671,37878,39544,42646,42916,47496,62056,48914,75551,56757,58835,62087,68362,47655,84254,57137,52616,51017,45481,55094,45702,44243,63290,55754,67318,53037,46296,62619,62333,66813,68475,63367,50694,51051,51021,61218,57392,54293,68333,41597,39116,41625,42981,49450,42601,40825,33263,33878,30383,26502,27776,25588,29247,32749,32955,21009,29471,22460,17504,26424,15212,21288,21088,25599,21248,27637,17999,25403,26161,23797,20411,22704,25181,20387,28395,27812,33044,27374,27239,21083,20308,24773,25367,28750,31338,38331,42351,26052,36600,45285,32073,26894,45447,32232,26023,21942,31184,17493,26056,22238,24144,28805,26316,30195,20753,24113,25757,45969,27243,37031,33213,59663,68418,29203,48756,43286,55138,44248,39703,41545,62617,39699,40122,52206,46784,38053,33420,59396,31932,41616,34584,21969,35850,28943,41062,28649,34542,28542,31327,27440,23371,33754,23878,25252,29326,26622,25376,19670,24539,25232,24423,20713,18224,18544,32282,20433,19697,21048,12933,17616,21105,24772,14016,16972,17732,11129,36251,17784,17948,19740,11304,11257,22690,29521,13960,11116,10788,12707,7519,11707,11047,9704,10435,10178,14412,20224,13653,14461,9504,12294,11427,17050,12545,6101,10804
Non-Ferrous Metals,430322,282653,242833,329355,196075,224150,245827,352376,209690,150939,144274,139852,162879,88731,119458,172930,136884,174224,152857,167246,182989,382645,262343,282491,371728,221602,179335,229619,185860,262995,233853,220501,544537,171712,355836,322025,329298,310904,392808,327309,382713,611189,643919,333031,359809,484699,274799,293572,259924,172328,107953,171596,126707,101540,87092,88882,108706,103605,157331,148329,122775,146585,90940,140370,166374,162891,146261,183622,170358,114507,198381,122621,131306,81899,114064,90287,111678,268157,339852,211438,191135,170535,434301,240892,245657,224753,169669,323486,191662,215188,232014,231151,191009,288506,324003,375017,273281,224605,171731,284021,323832,399515,272615,266033,281544,189812,264987,153856,193815,186540,244897,320588,232625,417323,335543,267114,231025,415956,496603,356040,263569,175582,403000,224244,270321,377977,508653,241838,280607,275488,371740,389496,187600,180640,166714,283658,216788,218342,229763,203987,348402,240121,231180,270176,263284,606802,357881,237239,178366,219332,275846,229737,277220,260940,285738,314239,321606,238021,155751,318680,444115,377702,326258,260860,204553,277801,235308,268177,266480,221959,285000,324672,155537,157987,176982,245301,273968,276339,291222,408487,319230,311200,210560,158178,135387,151975,218039,209416,247872,267263,215315,448799,361305,229371,111011,146193,197617,301263,325532,341029,425885,352992,427604,432144,243718,287015,331810,604043,386687,340183,495032,451459,370530,341757,387716,315662,356514,420631,523382,409798,415201,394332,309771,239522,231516,336961,183736,268334,395936,215759,172452,181387,159201,217476,195848,195454,236896,191717,207331,248986,246021,172293,232612,244463,239181,281489,276825,217365,171588,165604,198091,253815,223665,153482,141359,159776,151299,151811,125734,111588,146103,141496,177085,190989,208424,228979,167571,178313,144942,144813,122171,148990,137847,143211,150338,116310,102344,85780,100645,126728,123191,144345,129578,142963,153326,168520,162965,145535,153341,107658,79972,150777,162932,138774,123643,153143,147986,158559,222916,136445,153627,132561,110020,140245,135323,144942,128478,115748,123932,161578,138567,156311,237458,136718,127533,136369,130473,151488,122205,105807,124215,135709,126894,132623,173592,170309,128765,190381,189993,221293,273877,166342,169172,150896,165514,288997,234364,166020,173467,141400,162278,137236,146795,147236,210912,155195,177416,257938,264046,162309,175918,162792,171502,201175,187960,191018,287700,282618,248601,211055,250530,169967,121267,137676,121060,127174,118547,120216,120540,97026,100150,103055,66900,74338,99520,89066,102825,76516,79392,60270,82822,70934,96603,99131,100558,94477,102555,114711,84173,102714,92101,84828,141110,88406,69062,71768,72805,50630,58306,59514,66474,67334,75181,62454,86616,83255,79401,85366,93780,69508,121172,103717,82149,71911,56331,75980,68755,77449,75360,62421,78957,70686,72098,105770,95623,93073,116152,88009,131087,148683,142877,142059,159083,174473,180758,132427,125909,215660,169658,179492,124121,94546,125193,123177,151840,67507,57696,56730,57397,63774,41286,42528,48031,36466,56163,47865,33223,33036,43214,56618,28563,32459,28942,37308,38821,46415,30343,47807,71197,53838,80488,37461,48660,41435,41040,41581,47187,43850,42263,49524,42082,38104,41203,36202,46761,32194,49058,53910,53033,50825,57902,59731,41621,45652,53402,56551,52907,60293,59217,65665,63793,61367,63810,64155,79237,43228,42732,48137,52592,44354,62827,47567,73960,54764,48138,61362,68719,73654,52521,58270,67290,74426,56842,41854,38333,41379,42354,55231,40401,43070,55125,57264,49052,58788,58784,63672,53223,37526,48975,49804,53785,56193,43539,27637,46246,35196,30114,38850,33949,22903,34020,24661,43172,34421,14001,31038,30268,33220,23755,24968,24213,14117,16068,23368,18918,5077,10906,8439,12028,11963,12639,6173,7419,5483,5616,6542,7114,6660,6038,11414,7168,6074,5637,4781,3564,1900,1489,1391,2409,1328,1582
Manufactures Of Metals Nes,259930,245895,234922,238251,250253,261833,239137,267663,282078,236868,257559,220977,313501,269165,263352,226594,229872,250755,241130,287260,239212,249955,240721,239510,246651,220728,202712,225399,219141,223900,268652,337936,531236,292418,333027,258673,317556,241077,303430,270480,277660,256505,249535,220344,280853,216224,208788,240097,227717,181773,196600,210154,196947,197319,184254,184111,184133,182518,176935,177826,243699,212301,220213,228257,247025,221505,364799,223138,232849,199034,226037,242204,248545,187158,235825,216717,210902,259926,236538,246388,249243,204832,227256,215943,216813,171497,207879,190492,193164,184132,195977,187378,170982,169852,186521,156050,191276,161755,152235,179998,177828,177517,175971,193539,163622,174564,188051,189032,192130,149607,161422,202427,185441,194418,175670,173527,204882,190741,181607,228698,233959,168750,199611,208006,199124,220202,191348,195860,189735,210124,215855,244749,298484,189236,201979,186081,190792,269939,200380,192358,208013,217593,212834,218000,262246,169528,202366,218366,200226,209784,204367,202919,235996,220042,223368,217526,212333,194034,172447,192267,220643,192392,199359,193606,189090,216973,219106,216729,232342,165677,189277,221534,194517,206167,200999,298668,174034,216682,196022,204307,199847,142376,166329,198318,161576,170875,187010,175318,186265,253749,190506,199569,193666,174886,168608,212231,243921,251139,312058,233788,274039,222213,233456,244563,234283,168068,221949,200842,194990,205344,207534,207151,215528,199877,197034,185871,192659,143222,159731,170616,192023,178804,182465,155677,167523,165115,195635,144937,176801,235162,163905,203132,135652,154011,153267,164855,156324,134474,137196,136146,168328,102176,132224,129889,127977,130777,137150,128476,148505,124106,133706,134434,156443,106371,103854,102813,91056,118928,102659,97701,116216,102352,105838,106238,113832,81507,104011,70117,79127,84363,70293,78270,74982,75313,84608,85600,72787,57152,63498,65681,73257,72721,72035,77359,72683,76111,79400,69306,76888,70518,64196,60755,66115,64255,67091,75477,62781,62309,66360,79829,69510,52578,59061,74972,69122,70155,68484,61137,68074,71653,65869,72973,70305,55053,67444,74681,72766,73733,89033,74891,73930,77052,68807,78265,79530,86422,69368,91308,93767,89215,90951,90360,81718,79703,85733,86870,85753,53322,72069,76164,81757,77335,76975,77165,80847,70334,75542,75286,76209,53851,81745,73134,79663,73155,72857,79193,69450,71035,73682,60676,74396,61038,62113,65923,62334,62229,65354,65657,64803,61567,63132,59398,48929,33761,49345,56121,44474,38690,45607,39421,54294,52960,40002,47120,43911,35542,33988,49365,43600,41464,37447,35775,42344,47365,42459,35421,55379,35039,39507,41173,38784,40821,40539,42785,46641,42534,44608,40954,47998,35947,43512,35538,36909,34796,30472,40332,43015,38447,40384,32258,41329,33903,35959,42798,37169,37367,35286,37663,31547,35569,27765,31655,34387,22205,24935,33137,31949,30265,29262,28177,26443,29455,27504,29708,24359,22251,23653,26316,26435,21744,23351,22223,22504,24341,19118,23828,18043,15570,17065,20337,18926,17552,18114,18592,15919,20366,16593,19139,13444,16401,16368,18741,18960,17844,23850,21046,21508,20234,19785,23587,17714,19392,22676,22614,22185,18960,18615,22527,21122,19235,20334,19652,22487,14064,23229,23198,21563,22865,21692,19650,23277,22600,26937,22543,22905,17554,22988,21178,26298,22639,21903,20051,20287,20588,24031,24896,20386,20796,20739,20064,18771,22133,23387,20044,21360,21443,31295,20966,21671,15869,21729,18601,20040,17925,17055,19419,19510,17943,19436,21079,15956,16091,21513,16701,18750,16880,14199,15938,15942,15537,15322,13292,12960,10967,8942,10434,9135,9316,9385,13465,11494,10387,9655,10721,12193,7623,10138,9846,7360,8065,9107,9192,8698,8465,7857,10353,10240,8215,8672,9995,8993,7157,7512,7325,8337,7174,5603,7402,6228,6444,6143
Articles Of Apparel & Clothing Accessories,107790,110115,109945,118789,112215,134012,149180,125120,135037,106279,114344,122481,143543,124606,151697,146745,135870,143815,131602,147798,155689,173666,136746,133035,161178,134104,126225,188738,169684,125288,145737,160492,144417,147658,160594,143521,152435,141554,150955,160753,149216,145732,179308,127243,114531,127517,134036,113820,133498,105295,107852,166629,140362,135901,110127,120185,108981,104254,69913,56114,111109,137295,146015,169261,158336,145222,141648,156599,148160,130606,152588,132594,135183,120084,135666,162099,152057,160654,157092,178678,164138,151090,189711,134360,150303,137806,173770,175501,177722,168322,161553,176447,174725,155938,168735,123679,157259,140873,165613,164402,154733,169191,192928,136397,140202,137280,146048,120533,130554,119093,134054,154203,137125,135467,154911,159175,158008,160361,144044,122638,127082,125112,135223,132327,130780,147689,147244,136402,115791,128607,109882,97545,124448,139796,128276,101247,117480,114056,121727,115155,154238,122769,117791,111199,123150,98596,115855,96688,101634,125136,125390,112863,122936,269390,106769,100802,100895,102168,139974,126990,128383,83210,126166,121877,135331,120477,99773,90009,87221,83583,108499,123734,115794,107590,109257,122549,131448,115940,101700,85950,86418,76413,93841,104621,101235,87363,97692,118596,120034,109411,98930,93513,106900,127354,123580,150083,141968,140361,182959,179408,192402,152824,138789,121055,122345,164188,194411,175074,200163,226479,220813,252765,242399,189548,173409,131771,162302,171523,197744,184386,186804,210520,248381,292354,291069,287264,216260,181140,185254,215684,275753,294369,241661,279719,321194,260339,186807,161897,130274,128205,128720,127150,184555,239165,197345,233533,276302,272922,301180,245956,205140,179033,199186,153582,225214,234885,192621,241067,253355,279912,313377,256830,189791,174993,166193,160276,221104,192130,209573,207515,220918,251717,263534,179606,158901,134768,120666,143322,185378,166859,146138,185927,183547,210924,239163,209244,175519,148027,174133,175032,200525,190038,178487,203193,235752,251406,239522,192130,176731,146599,162619,142710,158379,187596,171160,177043,180403,188541,207307,156452,132033,127087,114726,128641,146648,144442,121890,141471,160853,169593,162703,151161,133025,118243,122474,94969,148296,153759,133667,152862,167208,157340,144430,129795,122932,106026,89810,75609,127227,114561,103216,128328,118937,114834,116121,101207,99776,90375,78807,84578,122975,105015,102659,103927,109869,117965,113601,111626,105547,91454,89064,71681,121100,127254,112030,114574,110152,135386,110123,113362,106497,86457,83133,75178,122333,112514,108458,101065,117239,110622,120642,118629,114036,95768,103901,76311,120611,144736,103792,110347,110651,115524,125374,123484,106659,93626,99927,85424,138195,114389,111907,108666,95468,115358,120528,106378,94462,84363,71858,93157,112768,102986,85340,93926,89666,95627,106861,96817,89380,74244,79830,59080,100516,97595,83800,78605,77453,87774,83412,79134,69639,58710,60353,48380,73720,78836,60509,54584,63543,56131,61593,52347,56754,50858,40131,67119,68020,62248,62839,50217,56645,57965,54727,48563,41257,48321,30923,43785,51041,41930,41013,37127,33806,34347,34696,31174,22787,30877,20962,37184,31455,24993,26352,26604,25906,26005,22169,25609,21519,19826,17242,30632,32708,26362,26507,25255,22711,26472,23437,23532,22382,21730,21159,18270,21762,22059,18648,21775,20765,18295,19852,20742,20874,18797,17807,18893,18412,19850,24419,23905,16029,13118,19993,16319,21733,14569,21024,15980,19953,21139,15366,15731,16668,13960,15347,14627,15450,16760,13846,12450,18468,17923,11285,11485,16015,10927,19132,11407,11749,10605,9000,10629,15487,12073,11235,12217,9327,17134,12391,11743,12001,9593,13156,8553,11295,16405,15490,11651,5994,8236,6829,7533,8622,9055,10294,5878,7249,6596,9062,7262,4924,6395,4469,4640,4715,5308,5034,7012,8633,16077,5384,5600,5576,4706,6828,5111,6998,6008,5559,2950,5007
Professional Scientific & Controlling Instruments & Apparatus Nes,915103,867120,898968,965217,936219,886214,913640,1276678,995343,854238,873602,816903,889014,721829,804279,982828,870442,873374,897599,896391,840880,836064,839398,743315,979414,836654,733957,920138,863428,841996,948672,866233,909421,876277,824687,812852,929035,693261,885355,982956,910810,900016,820545,778685,801290,848429,775738,771091,917789,664511,664215,927749,816827,980275,874786,784873,851338,739047,695254,656271,777757,788542,704873,841338,843602,853011,851875,836223,884202,757360,769775,696747,810068,616719,719604,732680,765127,764503,745573,911659,778179,710304,676565,700708,712477,537582,643501,779900,776172,663209,685099,663802,624573,920139,667291,616391,743096,572144,539224,674448,688333,632682,657510,650830,592687,601637,593987,584446,699818,567164,617502,643876,656729,662828,584111,549323,598033,599756,534353,605268,712804,516805,603667,598228,558221,578690,588270,579559,524998,574882,558090,573112,628748,513551,522283,513135,553637,508961,558574,539765,489803,518687,474485,499558,500910,339203,605190,484977,454025,512251,467152,499912,467431,454656,408393,497934,460866,399736,335522,487528,457888,397702,403887,350168,341866,385835,351394,347525,436579,317611,330059,467232,357820,328437,371663,384115,361227,384590,335880,353494,417915,276731,275530,359584,314330,310363,318233,295479,367783,334289,295569,268797,295788,261550,239683,346593,283803,296683,300489,265732,291543,274747,261984,301981,305373,252110,306688,285037,270906,289318,288126,308066,285955,310824,265364,266991,293534,226867,256016,276713,247939,234899,234680,529888,280767,262727,272455,230938,316711,232776,225394,309127,235399,260152,266663,276115,258198,278722,244711,249292,253596,209124,231970,267747,247000,249710,285658,265031,263923,260299,238826,253756,232416,196491,197897,257277,196454,248968,226372,224794,236313,216052,212964,237420,185882,180180,203622,162539,158069,185720,162219,146358,136061,129953,147684,148881,160513,119344,146789,162048,171598,146503,119298,115894,126700,128851,116001,103467,109449,92688,102078,127187,123314,129868,122262,130640,118041,100754,102657,104459,134937,84114,103766,109176,98411,107062,113183,118695,107664,106997,106048,122456,146482,71830,61811,97288,83491,119995,88298,102830,89382,86570,85878,86670,96853,94483,83606,104292,103447,96965,103756,94456,116231,108598,96281,101847,101425,69205,78577,99834,85553,99435,88872,82434,85287,87420,81531,76752,77911,66377,80127,89224,105488,84860,87279,93294,92049,90003,83425,79359,93999,75450,77882,91150,73831,100888,80581,82867,89682,79565,84426,87224,69837,51036,49623,66639,65495,54316,55633,56303,52038,49650,47535,51350,52913,44052,40298,59904,49202,47275,43018,45904,53885,41983,41312,40873,54932,34896,52754,47417,40006,50136,47431,52105,72600,47919,44195,43070,43334,39722,44152,46562,48961,37970,41919,45606,43792,42576,35009,50666,42122,39377,36418,42497,41219,39988,46681,38705,37997,35302,35339,41040,47393,32263,33515,33976,31119,41493,28701,26099,30021,30340,29059,27643,27320,27735,24758,36117,33398,30772,26452,27633,26167,28122,24559,25597,23509,27324,21155,25846,22229,26703,22992,30592,19141,16980,24276,21877,19778,15432,17523,20988,25978,21660,16911,21510,16586,18991,18145,17594,16112,20700,16204,19574,23123,19557,23973,15748,19419,17176,22567,19168,22958,15484,20363,16482,17448,17238,20857,16333,17231,30879,12846,13884,17651,14125,13543,13162,12600,12145,15360,14014,11929,10355,15160,13049,14811,10796,13560,14299,15331,13296,16318,12132,14128,16540,14314,12400,12474,13299,10549,10229,11078,11502,9461,9477,9314,7601,10245,7386,7896,7192,11244,7999,6925,8635,6350,7072,7348,6136,5686,15400,5547,4095,6577,5038,5265,4792,3574,4392,4215,4833,3514,3868,3164,2737,3159,4072,4257,4315,4265,4059,3503,3159,3213,3299,3493,2835,2883,3484,3060,2389,3176,2703,3269,4162,2957,3326,3483,2937,2417
Photographic Apparatus Equipment & Supplies & Optical Goods Nes; Watches & Clocks,361093,323413,288718,298842,360654,350221,320941,314514,351205,311310,317385,329198,344830,294948,326696,308400,362230,345155,315368,343024,320237,372814,364567,303102,434928,341115,266437,381943,460225,370447,466065,355853,338641,339564,322435,366596,361620,311146,323174,368005,362436,314191,275377,278353,461142,259884,277885,297814,344509,224287,270878,292469,297733,305634,315111,265010,280408,212318,153771,153198,223179,303359,271897,346678,347696,343227,346591,269906,287319,262414,307764,315713,310981,246632,264922,234556,273770,318606,257917,294211,293741,284516,266734,278887,285671,274892,257218,282918,298856,282245,264313,258718,288159,254498,282129,241557,294763,259166,247626,301491,290533,282721,270057,249471,245433,282898,274359,253042,286566,226419,241106,293113,307945,278844,301550,264625,287163,375599,274283,267988,295313,233253,249749,262953,268620,294109,294828,279617,246579,278876,286283,288810,274868,233040,257984,274184,279395,395699,255303,251821,261293,277669,319624,260944,240027,191917,236378,225610,247173,242420,203521,211707,224928,225653,254648,222854,230083,257853,187501,249185,266717,223654,232843,243952,227984,210520,193142,206978,218443,174535,176731,247358,246989,203096,234374,201031,222815,199864,202792,199857,233054,172872,186332,231368,190868,226395,199462,208784,214505,209892,194132,197150,213318,181773,162130,197440,203765,198124,204501,200231,211455,198785,215416,207475,228211,173171,232061,185704,219831,202063,201630,206001,192682,196949,189191,184123,195621,159481,177429,193119,226238,191986,220823,197663,195185,278437,237349,273002,294154,237649,204771,218264,176907,199887,208554,216298,214529,219500,208674,223286,255050,194715,243727,264693,242575,250274,253026,224243,227021,214532,214888,213856,241139,200668,206414,247522,215234,242312,221966,215968,227504,213942,192235,190855,216778,183063,201062,256851,236548,256239,238393,226269,241294,223198,232793,254045,236261,190606,238538,238078,244752,241731,226819,202291,234288,221662,266217,205793,228454,204417,199513,254539,229612,249750,258644,251779,260639,240090,255850,220352,273053,210330,187631,257647,221317,212106,209921,197821,187668,180186,181138,217508,227100,155081,164848,187533,180749,189639,193664,192453,178973,191455,173030,204110,241960,207319,192907,248076,251943,229248,213851,220984,221213,199968,198244,192252,225606,161844,190265,218883,216101,238901,208500,227750,215144,180528,203712,196512,180147,185965,185136,190731,202950,175256,167554,197751,188066,155184,171224,163365,171827,143181,150625,166423,149368,154596,157507,156352,138253,146259,179181,121213,138054,90884,114375,131189,117919,129819,126673,103459,107130,106710,104497,117613,107689,94401,87946,90414,99269,99532,95046,79552,101758,96237,97567,89486,98703,78530,95774,88871,94224,91354,88349,91353,98504,86693,95008,88517,91615,74430,101829,85973,94791,86804,75799,91322,78457,83909,86599,84793,85204,76440,80985,89974,82534,77463,85589,86163,70383,68029,61405,65536,67521,53734,50212,81574,75685,60992,60053,61924,57104,60651,45533,42862,35157,35185,30910,35636,30825,31112,27660,26871,27873,24769,23238,31621,20500,17676,27093,23161,23829,22337,21598,22283,20219,20020,17214,16339,14480,16226,17523,20035,24733,25131,18517,21944,20142,18330,17857,17272,14642,20037,16827,17799,18907,17647,14304,16689,15922,18104,16980,14854,17635,10358,18282,16392,16846,13030,11382,15630,16715,16182,13845,16445,14994,14825,14904,12532,14579,13604,12984,12383,13273,17856,14493,14340,18377,14853,14960,16546,17557,13543,13474,9083,12924,12700,11425,14582,11871,8284,11724,12602,12523,14241,10259,9227,11331,8734,10038,13371,11128,11603,14081,10590,16467,12294,11559,13179,14168,11029,11623,8461,11266,10015,8209,14725,10076,9344,9287,10670,9178,9980,11586,9125,9830,9755,9664,10445,13377,10645,7938,8488,7823,7992,5842,7165,7370,7173,6163,5588,8107,8312,7425,6939,8578,5998,5325,4749,4697,4632,4907
Miscellaneous Manufactured Articles Nes,1030240,1018431,674599,814280,970230,914109,847007,807633,775283,687761,751421,810750,972421,699202,750507,756191,1216636,855336,1158824,768540,754126,664831,796582,644308,1129444,909918,757911,766520,965458,748923,748966,792832,651481,769919,765036,882692,906077,680789,704833,770094,702914,731128,607487,733367,532343,573900,614059,692890,724313,468860,668129,693078,626500,701552,717727,719467,615018,451804,411424,647901,570034,583242,589897,617635,780365,760498,592111,581688,691628,523109,707949,633430,627903,490852,557511,556001,677202,661330,625363,615857,642689,616373,638682,629336,728959,546001,546106,582200,691056,669695,663945,674769,736257,607699,739785,651729,918346,635663,590559,680839,776526,788662,787489,707118,646010,548772,645554,729611,671280,578613,622094,618672,835478,841835,611907,548969,660150,561439,595907,650601,761234,483005,620992,554914,674840,952863,608457,524879,555840,474746,524369,525095,783789,453361,516218,556765,568411,1154732,613861,948630,558991,517682,465925,560852,496978,414417,454227,394897,456069,585371,684340,468614,486826,414912,461944,429191,406398,409408,446607,464743,532459,458856,390004,422173,384939,425727,487717,437557,430027,349230,405745,485681,463979,482195,424604,422815,437216,410790,426025,421345,428652,311495,410223,385863,323425,383841,311961,362456,392409,343980,359965,325148,315314,315823,260699,382031,434587,458754,502230,622622,468705,340909,404708,406723,404607,329617,402398,318439,377212,357973,311989,299234,320562,321306,307128,279466,317508,267181,300824,305263,305011,271444,346667,286088,277999,325374,281063,277145,300721,282554,232621,285099,269124,294546,271147,278290,256177,251854,266690,284945,274751,226479,249413,301642,246957,278926,295318,312040,308949,297480,316561,274099,350157,258087,300396,341825,306116,331302,336761,266967,305971,253722,263468,231549,241999,215981,344003,187405,183822,199769,195203,175368,183511,190703,162909,208851,159831,137690,165221,149003,173522,184170,148278,163955,188654,212320,222680,202785,280438,240787,201307,210428,229980,213867,206203,185154,190363,198643,201357,173067,181505,166861,145259,165106,153842,177744,157503,140711,141524,153418,176568,170825,205597,116338,114114,139616,128466,167527,242473,211945,291440,353715,224891,191959,238956,157167,130329,183724,270535,163845,208833,166740,334349,158423,173076,180841,181045,187569,173267,219989,222418,266077,199294,214800,264041,160160,239582,213630,190809,262678,206686,177870,255794,231730,239975,269447,351250,155049,157127,141839,142645,128548,160667,155012,158739,169634,172268,147146,134164,158025,128620,132416,114438,83033,108706,98456,107268,104486,100314,100501,109029,100252,99784,97921,100741,99056,79805,102821,98543,93543,98206,81712,94594,87594,81790,67249,91017,59693,79357,81261,90497,87282,85791,70966,79449,76514,69857,79241,118469,60955,86282,69944,93362,101648,63414,73090,66803,64720,66567,56598,66334,57659,64226,71179,65246,78148,64105,72345,51607,50974,46051,52460,53706,33909,39322,49423,49117,48143,41992,38030,48955,41637,42152,44529,40871,44626,46962,51907,40393,35981,40507,38812,36354,35377,33725,44578,31072,33857,34260,40322,33802,33489,23395,28599,31606,25397,22117,28171,32033,23660,34712,29221,27654,24362,21691,31784,23430,21712,25135,23000,20930,28923,38998,36246,37347,33762,25943,24791,23711,24850,31296,23991,30358,23041,28631,27836,26362,27297,22024,20630,21104,24994,22061,22888,20450,27980,33072,35829,31851,21827,24554,22662,23994,22789,23292,25708,30727,21828,17355,24472,22954,19750,18053,19466,20508,20602,18509,21495,20809,14359,15228,22270,18406,18540,28346,17441,19584,26761,17280,15300,17939,14867,14547,13821,16245,15863,13045,13011,14445,12878,10127,12475,11939,8351,8654,10370,11956,9512,9139,9632,10422,8920,8135,8248,8193,6726,8785,7733,8832,7091,7818,7570,6904,6862,6060,7114,6233,5994,6834,6940,7975,6443,6894,6438,6583,6219,5883,6431,5835,5540,5637
